0,11.9999999996,,,-32
0.0018518518,11.9999999995,,,1
0.0037037036,11.9999999995,,,0.1
0.0055555557,11.9999999994,,,12
0.0074074073,11.9999999994,,,
0.0092592593,11.9999999993,,,
0.0111111114,11.9999999992,,,
0.0129629625,11.9999999992,,,
0.0148148146,11.9999999991,,,
0.0166666675,11.999999999,,,
0.0185185187,11.9999999989,,,
0.0203703698,11.9999999988,,,
0.0222222228,11.9999999987,,,
0.0240740739,11.9999999985,,,
0.025925925,11.9999999984,,,
0.027777778,11.9999999983,,,
0.0296296291,11.9999999981,,,
0.0314814821,11.9999999979,,,
0.0333333351,11.9999999977,,,
0.0351851843,11.9999999975,,,
0.0370370373,11.9999999973,,,
0.0388888903,11.999999997,,,
0.0407407396,11.9999999967,,,
0.0425925925,11.9999999964,,,
0.0444444455,11.9999999961,,,
0.0462962948,11.9999999957,,,
0.0481481478,11.9999999953,,,
0.0500000007,11.9999999949,,,
0.05185185,11.9999999944,,,
0.053703703,11.9999999939,,,
0.055555556,11.9999999934,,,
0.057407409,11.9999999928,,,
0.0592592582,11.9999999921,,,
0.0611111112,11.9999999914,,,
0.0629629642,11.9999999906,,,
0.0648148134,11.9999999898,,,
0.0666666701,11.9999999889,,,
0.0685185194,11.9999999878,,,
0.0703703687,11.9999999868,,,
0.0722222254,11.9999999856,,,
0.0740740746,11.9999999843,,,
0.0759259239,11.9999999829,,,
0.0777777806,11.9999999813,,,
0.0796296299,11.9999999797,,,
0.0814814791,11.9999999779,,,
0.0833333358,11.9999999759,,,
0.0851851851,11.9999999738,,,
0.0870370343,11.9999999715,,,
0.088888891,11.9999999689,,,
0.0907407403,11.9999999662,,,
0.0925925896,11.9999999632,,,
0.0944444463,11.99999996,,,
0.0962962955,11.9999999565,,,
0.0981481448,11.9999999527,,,
0.1000000015,11.9999999486,,,
0.1018518507,11.9999999442,,,
0.1037037,11.9999999393,,,
0.1055555567,11.9999999341,,,
0.107407406,11.9999999284,,,
0.1092592627,11.9999999222,,,
0.1111111119,11.9999999156,,,
0.1129629612,11.9999999083,,,
0.1148148179,11.9999999005,,,
0.1166666672,11.999999892,,,
0.1185185164,11.9999998828,,,
0.1203703731,11.9999998729,,,
0.1222222224,11.9999998621,,,
0.1240740716,11.9999998504,,,
0.1259259284,11.9999998378,,,
0.1277777851,11.9999998241,,,
0.1296296269,11.9999998094,,,
0.1314814836,11.9999997934,,,
0.1333333403,11.9999997761,,,
0.1351851821,11.9999997574,,,
0.1370370388,11.9999997372,,,
0.1388888955,11.9999997154,,,
0.1407407373,11.9999996918,,,
0.142592594,11.9999996663,,,
0.1444444507,11.9999996387,,,
0.1462962925,11.999999609,,,
0.1481481493,11.9999995769,,,
0.150000006,11.9999995422,,,
0.1518518478,11.9999995047,,,
0.1537037045,11.9999994643,,,
0.1555555612,11.9999994207,,,
0.157407403,11.9999993736,,,
0.1592592597,11.9999993229,,,
0.1611111164,11.9999992681,,,
0.1629629582,11.9999992091,,,
0.1648148149,11.9999991454,,,
0.1666666716,11.9999990768,,,
0.1685185134,11.9999990028,,,
0.1703703701,11.9999989231,,,
0.1722222269,11.9999988372,,,
0.1740740687,11.9999987447,,,
0.1759259254,11.999998645,,,
0.1777777821,11.9999985377,,,
0.1796296239,11.9999984222,,,
0.1814814806,11.9999982978,,,
0.1833333373,11.9999981639,,,
0.1851851791,11.9999980199,,,
0.1870370358,11.9999978649,,,
0.1888888925,11.9999976981,,,
0.1907407343,11.9999975188,,,
0.192592591,11.999997326,,,
0.1944444478,11.9999971187,,,
0.1962962896,11.9999968958,,,
0.1981481463,11.9999966563,,,
0.200000003,11.9999963989,,,
0.2018518448,11.9999961223,,,
0.2037037015,11.9999958253,,,
0.2055555582,11.9999955062,,,
0.2074074,11.9999951636,,,
0.2092592567,11.9999947958,,,
0.2111111134,11.9999944009,,,
0.2129629701,11.9999939771,,,
0.2148148119,11.9999935224,,,
0.2166666687,11.9999930345,,,
0.2185185254,11.9999925112,,,
0.2203703672,11.9999919499,,,
0.2222222239,11.999991348,,,
0.2240740806,11.9999907027,,,
0.2259259224,11.999990011,,,
0.2277777791,11.9999892697,,,
0.2296296358,11.9999884754,,,
0.2314814776,11.9999876244,,,
0.2333333343,11.9999867128,,,
0.235185191,11.9999857365,,,
0.2370370328,11.9999846911,,,
0.2388888896,11.9999835719,,,
0.2407407463,11.9999823739,,,
0.2425925881,11.9999810918,,,
0.2444444448,11.9999797199,,,
0.2462963015,11.9999782522,,,
0.2481481433,11.9999766822,,,
0.25,11.9999750032,,,
0.2518518567,11.9999732079,,,
0.2537037134,11.9999712886,,,
0.2555555701,11.9999692371,,,
0.257407397,11.9999670447,,,
0.2592592537,11.999964702,,,
0.2611111104,11.9999621993,,,
0.2629629672,11.9999595261,,,
0.2648148239,11.9999566713,,,
0.2666666806,11.9999536231,,,
0.2685185075,11.9999503689,,,
0.2703703642,11.9999468955,,,
0.2722222209,11.9999431888,,,
0.2740740776,11.9999392337,,,
0.2759259343,11.9999350144,,,
0.277777791,11.9999305141,,,
0.2796296179,11.999925715,,,
0.2814814746,11.9999205979,,,
0.2833333313,11.9999151429,,,
0.2851851881,11.9999093287,,,
0.2870370448,11.9999031327,,,
0.2888889015,11.999896531,,,
0.2907407284,11.9998894986,,,
0.2925925851,11.9998820082,,,
0.2944444418,11.9998740317,,,
0.2962962985,11.999865539,,,
0.2981481552,11.9998564984,,,
0.3000000119,11.9998468762,,,
0.3018518388,11.9998366369,,,
0.3037036955,11.9998257427,,,
0.3055555522,11.9998141538,,,
0.307407409,11.9998018283,,,
0.3092592657,11.9997887214,,,
0.3111111224,11.9997747864,,,
0.3129629493,11.9997599736,,,
0.314814806,11.9997442302,,,
0.3166666627,11.9997275009,,,
0.3185185194,11.9997097272,,,
0.3203703761,11.9996908471,,,
0.3222222328,11.9996707956,,,
0.3240740597,11.9996495039,,,
0.3259259164,11.9996268988,,,
0.3277777731,11.9996029039,,,
0.3296296299,11.9995774382,,,
0.3314814866,11.9995504166,,,
0.3333333433,11.999521749,,,
0.3351852,11.9994913407,,,
0.3370370269,11.9994590922,,,
0.3388888836,11.9994248972,,,
0.3407407403,11.9993886454,,,
0.342592597,11.9993502198,,,
0.3444444537,11.9993094975,,,
0.3462963104,11.9992663489,,,
0.3481481373,11.9992206383,,,
0.349999994,11.999172221,,,
0.3518518507,11.9991209464,,,
0.3537037075,11.9990666558,,,
0.3555555642,11.9990091822,,,
0.3574074209,11.9989483497,,,
0.3592592478,11.9988839749,,,
0.3611111045,11.9988158613,,,
0.3629629612,11.9987438061,,,
0.3648148179,11.9986675947,,,
0.3666666746,11.998587002,,,
0.3685185313,11.9985017915,,,
0.3703703582,11.9984117162,,,
0.3722222149,11.9983165126,,,
0.3740740716,11.9982159082,,,
0.3759259284,11.9981096159,,,
0.3777777851,11.9979973345,,,
0.3796296418,11.9978787476,,,
0.3814814687,11.9977535261,,,
0.3833333254,11.9976213181,,,
0.3851851821,11.9974817614,,,
0.3870370388,11.9973344741,,,
0.3888888955,11.9971790559,,,
0.3907407522,11.9970150876,,,
0.3925925791,11.996842133,,,
0.3944444358,11.9966597266,,,
0.3962962925,11.9964673898,,,
0.3981481493,11.9962646186,,,
0.400000006,11.9960508856,,,
0.4018518627,11.9958256389,,,
0.4037036896,11.9955883051,,,
0.4055555463,11.9953382731,,,
0.407407403,11.995074915,,,
0.4092592597,11.994797571,,,
0.4111111164,11.9945055513,,,
0.4129629731,11.9941981351,,,
0.4148148,11.9938745745,,,
0.4166666567,11.9935340726,,,
0.4185185134,11.9931758131,,,
0.4203703701,11.9927989382,,,
0.4222222269,11.9924025527,,,
0.4240740836,11.9919857224,,,
0.4259259403,11.9915474723,,,
0.4277777672,11.9910867932,,,
0.4296296239,11.9906026096,,,
0.4314814806,11.9900938229,,,
0.4333333373,11.9895592803,,,
0.435185194,11.9889977802,,,
0.4370370507,11.9884080705,,,
0.4388888776,11.9877888571,,,
0.4407407343,11.9871387614,,,
0.442592591,11.9864563786,,,
0.4444444478,11.9857402356,,,
0.4462963045,11.9849887995,,,
0.4481481612,11.9842004749,,,
0.4499999881,11.9833736156,,,
0.4518518448,11.9825064686,,,
0.4537037015,11.9815972513,,,
0.4555555582,11.9806440972,,,
0.4574074149,11.9796450659,,,
0.4592592716,11.9785981408,,,
0.4611110985,11.9775012449,,,
0.4629629552,11.9763521667,,,
0.4648148119,11.9751486633,,,
0.4666666687,11.9738883879,,,
0.4685185254,11.9725689047,,,
0.4703703821,11.9711876856,,,
0.472222209,11.9697421315,,,
0.4740740657,11.968229475,,,
0.4759259224,11.966646917,,,
0.4777777791,11.9649915318,,,
0.4796296358,11.9632602864,,,
0.4814814925,11.9614500379,,,
0.4833333194,11.9595575607,,,
0.4851851761,11.9575794205,,,
0.4870370328,11.9555121535,,,
0.4888888896,11.9533521423,,,
0.4907407463,11.9510956429,,,
0.492592603,11.9487387801,,,
0.4944444299,11.9462775853,,,
0.4962962866,11.9437078322,,,
0.4981481433,11.941025271,,,
0.5,11.9382254676,,,
0.5018518567,11.935303839,,,
0.5037037134,11.9322556488,,,
0.5055555701,11.929076004,,,
0.5074074268,11.9257598505,,,
0.5092592835,11.9223019694,,,
0.5111111403,11.9186969726,,,
0.5129629374,11.914939423,,,
0.5148147941,11.9110233406,,,
0.5166666508,11.9069429244,,,
0.5185185075,11.9026920695,,,
0.5203703642,11.8982644811,,,
0.5222222209,11.8936536706,,,
0.5240740776,11.8888529509,,,
0.5259259343,11.8838554324,,,
0.527777791,11.8786540187,,,
0.5296296477,11.8732414021,,,
0.5314815044,11.8676100593,,,
0.5333333611,11.8617522473,,,
0.5351851583,11.8556601981,,,
0.537037015,11.8493253246,,,
0.5388888717,11.84273939,,,
0.5407407284,11.835893728,,,
0.5425925851,11.8287794311,,,
0.5444444418,11.8213873461,,,
0.5462962985,11.8137080694,,,
0.5481481552,11.8057319434,,,
0.5500000119,11.7974490521,,,
0.5518518686,11.788849217,,,
0.5537037253,11.7799219928,,,
0.555555582,11.770656664,,,
0.5574073792,11.7610425549,,,
0.5592592359,11.7510677793,,,
0.5611110926,11.7407210898,,,
0.5629629493,11.7299906496,,,
0.564814806,11.7188643326,,,
0.5666666627,11.7073297199,,,
0.5685185194,11.6953740961,,,
0.5703703761,11.6829844461,,,
0.5722222328,11.6701474524,,,
0.5740740895,11.6568494916,,,
0.5759259462,11.6430766317,,,
0.5777778029,11.6288146295,,,
0.5796296,11.6140494116,,,
0.5814814568,11.598765154,,,
0.5833333135,11.582947134,,,
0.5851851702,11.566579839,,,
0.5870370269,11.5496474354,,,
0.5888888836,11.5321337656,,,
0.5907407403,11.5140223474,,,
0.592592597,11.4952963722,,,
0.5944444537,11.4759387046,,,
0.5962963104,11.4559318815,,,
0.5981481671,11.4352581118,,,
0.6000000238,11.4138992766,,,
0.6018518806,11.3918369276,,,
0.6037036777,11.369053038,,,
0.6055555344,11.3455270399,,,
0.6074073911,11.3212402283,,,
0.6092592478,11.2961728531,,,
0.6111111045,11.2703048416,,,
0.6129629612,11.2436158011,,,
0.6148148179,11.2160850212,,,
0.6166666746,11.1876914768,,,
0.6185185313,11.1584138309,,,
0.620370388,11.128230439,,,
0.6222222447,11.0971193521,,,
0.6240741014,11.065058322,,,
0.6259258986,11.032025883,,,
0.6277777553,10.9979970803,,,
0.629629612,10.9629498434,,,
0.6314814687,10.9268607785,,,
0.6333333254,10.8897062208,,,
0.6351851821,10.8514622417,,,
0.6370370388,10.8121046561,,,
0.6388888955,10.7716090307,,,
0.6407407522,10.7299506925,,,
0.6425926089,10.6871047376,,,
0.6444444656,10.643046041,,,
0.6462963223,10.5977492667,,,
0.6481481194,10.5511903971,,,
0.6499999762,10.5033407071,,,
0.6518518329,10.454175776,,,
0.6537036896,10.4036695318,,,
0.6555555463,10.351795752,,,
0.657407403,10.2985280748,,,
0.6592592597,10.2438400122,,,
0.6611111164,10.1877049652,,,
0.6629629731,10.1300962382,,,
0.6648148298,10.0709870548,,,
0.6666666865,10.0103505736,,,
0.6685185432,9.9481599052,,,
0.6703704,9.8843881258,,,
0.6722221971,9.8190104388,,,
0.6740740538,9.7519957049,,,
0.6759259105,9.6833190979,,,
0.6777777672,9.612953757,,,
0.6796296239,9.5408728848,,,
0.6814814806,9.4670497685,,,
0.6833333373,9.3914578002,,,
0.685185194,9.3140704991,,,
0.6870370507,9.2348615337,,,
0.6888889074,9.1538047444,,,
0.6907407641,9.0708741668,,,
0.6925926208,8.9860440555,,,
0.694444418,8.8992917271,,,
0.6962962747,8.8105863734,,,
0.6981481314,8.7199058103,,,
0.6999999881,8.6272254161,,,
0.7018518448,8.5325209146,,,
0.7037037015,8.4357684017,,,
0.7055555582,8.3369443721,,,
0.7074074149,8.2360257468,,,
0.7092592716,8.1329899017,,,
0.7111111283,8.0278146947,,,
0.712962985,7.9204784952,,,
0.7148148417,7.8109602128,,,
0.7166666389,7.6992429515,,,
0.7185184956,7.5852996104,,,
0.7203703523,7.4691144503,,,
0.722222209,7.3506688364,,,
0.7240740657,7.2299448231,,,
0.7259259224,7.1069251846,,,
0.7277777791,6.9815934449,,,
0.7296296358,6.8539339095,,,
0.7314814925,6.7239316954,,,
0.7333333492,6.5915727628,,,
0.7351852059,6.4568439457,,,
0.7370370626,6.3197329831,,,
0.7388888597,6.1802330786,,,
0.7407407165,6.0383248872,,,
0.7425925732,5.8940035159,,,
0.7444444299,5.7472606259,,,
0.7462962866,5.598088946,,,
0.7481481433,5.4464822948,,,
0.75,5.2924356112,,,
0.7518518567,5.1359449846,,,
0.7537037134,4.9770076846,,,
0.7555555701,4.8156221902,,,
0.7574074268,4.6517882191,,,
0.7592592835,4.4855067564,,,
0.7611111403,4.3167800733,,,
0.7629629374,4.1456173399,,,
0.7648147941,3.9720124835,,,
0.7666666508,3.7959773047,,,
0.7685185075,3.617519538,,,
0.7703703642,3.4366483462,,,
0.7722222209,3.2533743455,,,
0.7740740776,3.0677096292,,,
0.7759259343,2.8796677913,,,
0.777777791,2.6892639485,,,
0.7796296477,2.4965147621,,,
0.7814815044,2.3014384585,,,
0.7833333611,2.1040548494,,,
0.7851851583,1.9043918016,,,
0.787037015,1.7024595208,,,
0.7888888717,1.4982890606,,,
0.7907407284,1.2919067503,,,
0.7925925851,1.0833405875,,,
0.7944444418,0.8726202518,,,
0.7962962985,0.6597771171,,,
0.7981481552,0.4448442625,,,
0.8000000119,0.2278564816,,,
0.8018518686,0.0088502918,,,
0.8037037253,-0.2121360595,,,
0.805555582,-0.4350625888,,,
0.8074073792,-0.6598803182,,,
0.8092592359,-0.8865602291,,,
0.8111110926,-1.1150499159,,,
0.8129629493,-1.3453024222,,,
0.814814806,-1.577269048,,,
0.8166666627,-1.8108993536,,,
0.8185185194,-2.0461411636,,,
0.8203703761,-2.2829405737,,,
0.8222222328,-2.521241958,,,
0.8240740895,-2.7609879788,,,
0.8259259462,-3.0021195978,,,
0.8277778029,-3.2445760883,,,
0.8296296,-3.4882871868,,,
0.8314814568,-3.733204538,,,
0.8333333135,-3.9792545942,,,
0.8351851702,-4.2263700508,,,
0.8370370269,-4.4744819908,,,
0.8388888836,-4.7235199213,,,
0.8407407403,-4.9734117974,,,
0.842592597,-5.2240840491,,,
0.8444444537,-5.4754616093,,,
0.8462963104,-5.7274679432,,,
0.8481481671,-5.9800250799,,,
0.8500000238,-6.233053646,,,
0.8518518806,-6.4864729133,,,
0.8537036777,-6.7401926112,,,
0.8555555344,-6.994145721,,,
0.8574073911,-7.2482394609,,,
0.8592592478,-7.5023879989,,,
0.8611111045,-7.7565043335,,,
0.8629629612,-8.0105003388,,,
0.8648148179,-8.2642868109,,,
0.8666666746,-8.5177735149,,,
0.8685185313,-8.7708692349,,,
0.870370388,-9.023481824,,,
0.8722222447,-9.2755182569,,,
0.8740741014,-9.526884683,,,
0.8759258986,-9.7774784432,,,
0.8777777553,-10.0272203088,,,
0.879629612,-10.2760062237,,,
0.8814814687,-10.5237395986,,,
0.8833333254,-10.770323306,,,
0.8851851821,-11.0156597412,,,
0.8870370388,-11.2596508847,,,
0.8888888955,-11.5021983649,,,
0.8907407522,-11.7432035225,,,
0.8925926089,-11.9825674753,,,
0.8944444656,-12.2201911841,,,
0.8962963223,-12.4559755195,,,
0.8981481194,-12.6898138356,,,
0.8999999762,-12.9216220926,,,
0.9018518329,-13.1512937147,,,
0.9037036896,-13.3787299048,,,
0.9055555463,-13.6038321062,,,
0.907407403,-13.8265020854,,,
0.9092592597,-14.0466420027,,,
0.9111111164,-14.2641544829,,,
0.9129629731,-14.4789426864,,,
0.9148148298,-14.6909103803,,,
0.9166666865,-14.8999620097,,,
0.9185185432,-15.1060027689,,,
0.9203704,-15.3089386833,,,
0.9222221971,-15.508670261,,,
0.9240740538,-15.7051182402,,,
0.9259259105,-15.898185041,,,
0.9277777672,-16.0877806664,,,
0.9296296239,-16.2738162915,,,
0.9314814806,-16.4562043329,,,
0.9333333373,-16.6348585167,,,
0.935185194,-16.8096939467,,,
0.9370370507,-16.9806271715,,,
0.9388889074,-17.1475762501,,,
0.9407407641,-17.3104608181,,,
0.9425926208,-17.4692021514,,,
0.944444418,-17.6237183335,,,
0.9462962747,-17.7739440418,,,
0.9481481314,-17.9198008161,,,
0.9499999881,-18.0612171157,,,
0.9518518448,-18.1981233454,,,
0.9537037015,-18.3304519122,,,
0.9555555582,-18.4581372805,,,
0.9574074149,-18.5811160271,,,
0.9592592716,-18.6993268928,,,
0.9611111283,-18.8127108335,,,
0.962962985,-18.9212110698,,,
0.9648148417,-19.0247731334,,,
0.9666666389,-19.1233418274,,,
0.9685184956,-19.2168737773,,,
0.9703703523,-19.3053184684,,,
0.972222209,-19.3886311159,,,
0.9740740657,-19.4667694553,,,
0.9759259224,-19.5396937783,,,
0.9777777791,-19.607366966,,,
0.9796296358,-19.6697545207,,,
0.9814814925,-19.7268245952,,,
0.9833333492,-19.7785480199,,,
0.9851852059,-19.8248983273,,,
0.9870370626,-19.865851775,,,
0.9888888597,-19.9013863097,,,
0.9907407165,-19.9314859865,,,
0.9925925732,-19.9561341159,,,
0.9944444299,-19.9753180363,,,
0.9962962866,-19.9890278871,,,
0.9981481433,-19.997256619,,,
1,-19.997256619,,,
1.0018517971,-19.997256619,,,
1.0037037134,-19.997256619,,,
1.0055555105,-19.997256619,,,
1.0074074268,-19.997256619,,,
1.0092592239,-19.997256619,,,
1.0111111403,-19.997256619,,,
1.0129629374,-19.997256619,,,
1.0148148537,-19.997256619,,,
1.0166666508,-19.997256619,,,
1.0185185671,-19.997256619,,,
1.0203703642,-19.997256619,,,
1.0222222805,-19.997256619,,,
1.0240740776,-19.997256619,,,
1.0259258747,-19.997256619,,,
1.027777791,-19.997256619,,,
1.0296295881,-19.997256619,,,
1.0314815044,-19.997256619,,,
1.0333333015,-19.997256619,,,
1.0351852179,-19.997256619,,,
1.037037015,-19.997256619,,,
1.0388889313,-19.997256619,,,
1.0407407284,-19.997256619,,,
1.0425926447,-19.997256619,,,
1.0444444418,-19.997256619,,,
1.0462962389,-19.997256619,,,
1.0481481552,-19.997256619,,,
1.0499999523,-19.997256619,,,
1.0518518686,-19.997256619,,,
1.0537036657,-19.997256619,,,
1.055555582,-19.997256619,,,
1.0574073792,-19.997256619,,,
1.0592592955,-19.997256619,,,
1.0611110926,-19.997256619,,,
1.0629630089,-19.997256619,,,
1.064814806,-19.997256619,,,
1.0666667223,-19.997256619,,,
1.0685185194,-19.997256619,,,
1.0703703165,-19.997256619,,,
1.0722222328,-19.997256619,,,
1.0740740299,-19.997256619,,,
1.0759259462,-19.997256619,,,
1.0777777433,-19.997256619,,,
1.0796296597,-19.997256619,,,
1.0814814568,-19.997256619,,,
1.0833333731,-19.997256619,,,
1.0851851702,-19.997256619,,,
1.0870370865,-19.997256619,,,
1.0888888836,-19.997256619,,,
1.0907407999,-19.997256619,,,
1.092592597,-19.997256619,,,
1.0944443941,-19.997256619,,,
1.0962963104,-19.997256619,,,
1.0981481075,-19.997256619,,,
1.1000000238,-19.997256619,,,
1.1018518209,-19.997256619,,,
1.1037037373,-19.997256619,,,
1.1055555344,-19.997256619,,,
1.1074074507,-19.997256619,,,
1.1092592478,-19.997256619,,,
1.1111111641,-19.997256619,,,
1.1129629612,-19.997256619,,,
1.1148147583,-19.997256619,,,
1.1166666746,-19.997256619,,,
1.1185184717,-19.997256619,,,
1.120370388,-19.997256619,,,
1.1222221851,-19.997256619,,,
1.1240741014,-19.997256619,,,
1.1259258986,-19.997256619,,,
1.1277778149,-19.997256619,,,
1.129629612,-19.997256619,,,
1.1314815283,-19.997256619,,,
1.1333333254,-19.997256619,,,
1.1351852417,-19.997256619,,,
1.1370370388,-19.997256619,,,
1.1388888359,-19.997256619,,,
1.1407407522,-19.997256619,,,
1.1425925493,-19.997256619,,,
1.1444444656,-19.997256619,,,
1.1462962627,-19.997256619,,,
1.1481481791,-19.997256619,,,
1.1499999762,-19.997256619,,,
1.1518518925,-19.997256619,,,
1.1537036896,-19.997256619,,,
1.1555556059,-19.997256619,,,
1.157407403,-19.997256619,,,
1.1592592001,-19.997256619,,,
1.1611111164,-19.997256619,,,
1.1629629135,-19.997256619,,,
1.1648148298,-19.997256619,,,
1.1666666269,-19.997256619,,,
1.1685185432,-19.997256619,,,
1.1703703403,-19.997256619,,,
1.1722222567,-19.997256619,,,
1.1740740538,-19.997256619,,,
1.1759259701,-19.997256619,,,
1.1777777672,-19.997256619,,,
1.1796296835,-19.997256619,,,
1.1814814806,-19.997256619,,,
1.1833332777,-19.997256619,,,
1.185185194,-19.997256619,,,
1.1870369911,-19.997256619,,,
1.1888889074,-19.997256619,,,
1.1907407045,-19.997256619,,,
1.1925926208,-19.997256619,,,
1.194444418,-19.997256619,,,
1.1962963343,-19.997256619,,,
1.1981481314,-19.997256619,,,
1.2000000477,-19.997256619,,,
1.2018518448,-19.997256619,,,
1.2037037611,-19.997256619,,,
1.2055555582,-19.997256619,,,
1.2074073553,-19.997256619,,,
1.2092592716,-19.997256619,,,
1.2111110687,-19.997256619,,,
1.212962985,-19.997256619,,,
1.2148147821,-19.997256619,,,
1.2166666985,-19.997256619,,,
1.2185184956,-19.997256619,,,
1.2203704119,-19.997256619,,,
1.222222209,-19.997256619,,,
1.2240741253,-19.997256619,,,
1.2259259224,-19.997256619,,,
1.2277777195,-19.997256619,,,
1.2296296358,-19.997256619,,,
1.2314814329,-19.997256619,,,
1.2333333492,-19.997256619,,,
1.2351851463,-19.997256619,,,
1.2370370626,-19.997256619,,,
1.2388888597,-19.997256619,,,
1.2407407761,-19.997256619,,,
1.2425925732,-19.997256619,,,
1.2444444895,-19.997256619,,,
1.2462962866,-19.997256619,,,
1.2481482029,-19.997256619,,,
1.25,-19.997256619,,,
1.2518517971,-19.997256619,,,
1.2537037134,-19.997256619,,,
1.2555555105,-19.997256619,,,
1.2574074268,-19.997256619,,,
1.2592592239,-19.997256619,,,
1.2611111403,-19.997256619,,,
1.2629629374,-19.997256619,,,
1.2648148537,-19.997256619,,,
1.2666666508,-19.997256619,,,
1.2685185671,-19.997256619,,,
1.2703703642,-19.997256619,,,
1.2722222805,-19.997256619,,,
1.2740740776,-19.997256619,,,
1.2759258747,-19.997256619,,,
1.277777791,-19.997256619,,,
1.2796295881,-19.997256619,,,
1.2814815044,-19.997256619,,,
1.2833333015,-19.997256619,,,
1.2851852179,-19.997256619,,,
1.287037015,-19.997256619,,,
1.2888889313,-19.997256619,,,
1.2907407284,-19.997256619,,,
1.2925926447,-19.997256619,,,
1.2944444418,-19.997256619,,,
1.2962962389,-19.997256619,,,
1.2981481552,-19.997256619,,,
1.2999999523,-19.997256619,,,
1.3018518686,-19.997256619,,,
1.3037036657,-19.997256619,,,
1.305555582,-19.997256619,,,
1.3074073792,-19.997256619,,,
1.3092592955,-19.997256619,,,
1.3111110926,-19.997256619,,,
1.3129630089,-19.997256619,,,
1.314814806,-19.997256619,,,
1.3166667223,-19.997256619,,,
1.3185185194,-19.997256619,,,
1.3203703165,-19.997256619,,,
1.3222222328,-19.997256619,,,
1.3240740299,-19.997256619,,,
1.3259259462,-19.997256619,,,
1.3277777433,-19.997256619,,,
1.3296296597,-19.997256619,,,
1.3314814568,-19.997256619,,,
1.3333333731,-19.997256619,,,
1.3351851702,-19.997256619,,,
1.3370370865,-19.997256619,,,
1.3388888836,-19.997256619,,,
1.3407407999,-19.997256619,,,
1.342592597,-19.997256619,,,
1.3444443941,-19.997256619,,,
1.3462963104,-19.997256619,,,
1.3481481075,-19.997256619,,,
1.3500000238,-19.997256619,,,
1.3518518209,-19.997256619,,,
1.3537037373,-19.997256619,,,
1.3555555344,-19.997256619,,,
1.3574074507,-19.997256619,,,
1.3592592478,-19.997256619,,,
1.3611111641,-19.997256619,,,
1.3629629612,-19.997256619,,,
1.3648147583,-19.997256619,,,
1.3666666746,-19.997256619,,,
1.3685184717,-19.997256619,,,
1.370370388,-19.997256619,,,
1.3722221851,-19.997256619,,,
1.3740741014,-19.997256619,,,
1.3759258986,-19.997256619,,,
1.3777778149,-19.997256619,,,
1.379629612,-19.997256619,,,
1.3814815283,-19.997256619,,,
1.3833333254,-19.997256619,,,
1.3851852417,-19.997256619,,,
1.3870370388,-19.997256619,,,
1.3888888359,-19.997256619,,,
1.3907407522,-19.997256619,,,
1.3925925493,-19.997256619,,,
1.3944444656,-19.997256619,,,
1.3962962627,-19.997256619,,,
1.3981481791,-19.997256619,,,
1.3999999762,-19.997256619,,,
1.4018518925,-19.997256619,,,
1.4037036896,-19.997256619,,,
1.4055556059,-19.997256619,,,
1.407407403,-19.997256619,,,
1.4092592001,-19.997256619,,,
1.4111111164,-19.997256619,,,
1.4129629135,-19.997256619,,,
1.4148148298,-19.997256619,,,
1.4166666269,-19.997256619,,,
1.4185185432,-19.997256619,,,
1.4203703403,-19.997256619,,,
1.4222222567,-19.997256619,,,
1.4240740538,-19.997256619,,,
1.4259259701,-19.997256619,,,
1.4277777672,-19.997256619,,,
1.4296296835,-19.997256619,,,
1.4314814806,-19.997256619,,,
1.4333332777,-19.997256619,,,
1.435185194,-19.997256619,,,
1.4370369911,-19.997256619,,,
1.4388889074,-19.997256619,,,
1.4407407045,-19.997256619,,,
1.4425926208,-19.997256619,,,
1.444444418,-19.997256619,,,
1.4462963343,-19.997256619,,,
1.4481481314,-19.997256619,,,
1.4500000477,-19.997256619,,,
1.4518518448,-19.997256619,,,
1.4537037611,-19.997256619,,,
1.4555555582,-19.997256619,,,
1.4574073553,-19.997256619,,,
1.4592592716,-19.997256619,,,
1.4611110687,-19.997256619,,,
1.462962985,-19.997256619,,,
1.4648147821,-19.997256619,,,
1.4666666985,-19.997256619,,,
1.4685184956,-19.997256619,,,
1.4703704119,-19.997256619,,,
1.472222209,-19.997256619,,,
1.4740741253,-19.997256619,,,
1.4759259224,-19.997256619,,,
1.4777777195,-19.997256619,,,
1.4796296358,-19.997256619,,,
1.4814814329,-19.997256619,,,
1.4833333492,-19.997256619,,,
1.4851851463,-19.997256619,,,
1.4870370626,-19.997256619,,,
1.4888888597,-19.997256619,,,
1.4907407761,-19.997256619,,,
1.4925925732,-19.997256619,,,
1.4944444895,-19.997256619,,,
1.4962962866,-19.997256619,,,
1.4981482029,-19.997256619,,,
1.5,-19.997256619,,,
1.5018517971,-19.997256619,,,
1.5037037134,-19.997256619,,,
1.5055555105,-19.997256619,,,
1.5074074268,-19.997256619,,,
1.5092592239,-19.997256619,,,
1.5111111403,-19.997256619,,,
1.5129629374,-19.997256619,,,
1.5148148537,-19.997256619,,,
1.5166666508,-19.997256619,,,
1.5185185671,-19.997256619,,,
1.5203703642,-19.997256619,,,
1.5222222805,-19.997256619,,,
1.5240740776,-19.997256619,,,
1.5259258747,-19.997256619,,,
1.527777791,-19.997256619,,,
1.5296295881,-19.997256619,,,
1.5314815044,-19.997256619,,,
1.5333333015,-19.997256619,,,
1.5351852179,-19.997256619,,,
1.537037015,-19.997256619,,,
1.5388889313,-19.997256619,,,
1.5407407284,-19.997256619,,,
1.5425926447,-19.997256619,,,
1.5444444418,-19.997256619,,,
1.5462962389,-19.997256619,,,
1.5481481552,-19.997256619,,,
1.5499999523,-19.997256619,,,
1.5518518686,-19.997256619,,,
1.5537036657,-19.997256619,,,
1.555555582,-19.997256619,,,
1.5574073792,-19.997256619,,,
1.5592592955,-19.997256619,,,
1.5611110926,-19.997256619,,,
1.5629630089,-19.997256619,,,
1.564814806,-19.997256619,,,
1.5666667223,-19.997256619,,,
1.5685185194,-19.997256619,,,
1.5703703165,-19.997256619,,,
1.5722222328,-19.997256619,,,
1.5740740299,-19.997256619,,,
1.5759259462,-19.997256619,,,
1.5777777433,-19.997256619,,,
1.5796296597,-19.997256619,,,
1.5814814568,-19.997256619,,,
1.5833333731,-19.997256619,,,
1.5851851702,-19.997256619,,,
1.5870370865,-19.997256619,,,
1.5888888836,-19.997256619,,,
1.5907407999,-19.997256619,,,
1.592592597,-19.997256619,,,
1.5944443941,-19.997256619,,,
1.5962963104,-19.997256619,,,
1.5981481075,-19.997256619,,,
1.6000000238,-19.997256619,,,
1.6018518209,-19.997256619,,,
1.6037037373,-19.997256619,,,
1.6055555344,-19.997256619,,,
1.6074074507,-19.997256619,,,
1.6092592478,-19.997256619,,,
1.6111111641,-19.997256619,,,
1.6129629612,-19.997256619,,,
1.6148147583,-19.997256619,,,
1.6166666746,-19.997256619,,,
1.6185184717,-19.997256619,,,
1.620370388,-19.997256619,,,
1.6222221851,-19.997256619,,,
1.6240741014,-19.997256619,,,
1.6259258986,-19.997256619,,,
1.6277778149,-19.997256619,,,
1.629629612,-19.997256619,,,
1.6314815283,-19.997256619,,,
1.6333333254,-19.997256619,,,
1.6351852417,-19.997256619,,,
1.6370370388,-19.997256619,,,
1.6388888359,-19.997256619,,,
1.6407407522,-19.997256619,,,
1.6425925493,-19.997256619,,,
1.6444444656,-19.997256619,,,
1.6462962627,-19.997256619,,,
1.6481481791,-19.997256619,,,
1.6499999762,-19.997256619,,,
1.6518518925,-19.997256619,,,
1.6537036896,-19.997256619,,,
1.6555556059,-19.997256619,,,
1.657407403,-19.997256619,,,
1.6592592001,-19.997256619,,,
1.6611111164,-19.997256619,,,
1.6629629135,-19.997256619,,,
1.6648148298,-19.997256619,,,
1.6666666269,-19.997256619,,,
1.6685185432,-19.997256619,,,
1.6703703403,-19.997256619,,,
1.6722222567,-19.997256619,,,
1.6740740538,-19.997256619,,,
1.6759259701,-19.997256619,,,
1.6777777672,-19.997256619,,,
1.6796296835,-19.997256619,,,
1.6814814806,-19.997256619,,,
1.6833332777,-19.997256619,,,
1.685185194,-19.997256619,,,
1.6870369911,-19.997256619,,,
1.6888889074,-19.997256619,,,
1.6907407045,-19.997256619,,,
1.6925926208,-19.997256619,,,
1.694444418,-19.997256619,,,
1.6962963343,-19.997256619,,,
1.6981481314,-19.997256619,,,
1.7000000477,-19.997256619,,,
1.7018518448,-19.997256619,,,
1.7037037611,-19.997256619,,,
1.7055555582,-19.997256619,,,
1.7074073553,-19.997256619,,,
1.7092592716,-19.997256619,,,
1.7111110687,-19.997256619,,,
1.712962985,-19.997256619,,,
1.7148147821,-19.997256619,,,
1.7166666985,-19.997256619,,,
1.7185184956,-19.997256619,,,
1.7203704119,-19.997256619,,,
1.722222209,-19.997256619,,,
1.7240741253,-19.997256619,,,
1.7259259224,-19.997256619,,,
1.7277777195,-19.997256619,,,
1.7296296358,-19.997256619,,,
1.7314814329,-19.997256619,,,
1.7333333492,-19.997256619,,,
1.7351851463,-19.997256619,,,
1.7370370626,-19.997256619,,,
1.7388888597,-19.997256619,,,
1.7407407761,-19.997256619,,,
1.7425925732,-19.997256619,,,
1.7444444895,-19.997256619,,,
1.7462962866,-19.997256619,,,
1.7481482029,-19.997256619,,,
1.75,-19.997256619,,,
1.7518517971,-19.997256619,,,
1.7537037134,-19.997256619,,,
1.7555555105,-19.997256619,,,
1.7574074268,-19.997256619,,,
1.7592592239,-19.997256619,,,
1.7611111403,-19.997256619,,,
1.7629629374,-19.997256619,,,
1.7648148537,-19.997256619,,,
1.7666666508,-19.997256619,,,
1.7685185671,-19.997256619,,,
1.7703703642,-19.997256619,,,
1.7722222805,-19.997256619,,,
1.7740740776,-19.997256619,,,
1.7759258747,-19.997256619,,,
1.777777791,-19.997256619,,,
1.7796295881,-19.997256619,,,
1.7814815044,-19.997256619,,,
1.7833333015,-19.997256619,,,
1.7851852179,-19.997256619,,,
1.787037015,-19.997256619,,,
1.7888889313,-19.997256619,,,
1.7907407284,-19.997256619,,,
1.7925926447,-19.997256619,,,
1.7944444418,-19.997256619,,,
1.7962962389,-19.997256619,,,
1.7981481552,-19.997256619,,,
1.7999999523,-19.997256619,,,
1.8018518686,-19.997256619,,,
1.8037036657,-19.997256619,,,
1.805555582,-19.997256619,,,
1.8074073792,-19.997256619,,,
1.8092592955,-19.997256619,,,
1.8111110926,-19.997256619,,,
1.8129630089,-19.997256619,,,
1.814814806,-19.997256619,,,
1.8166667223,-19.997256619,,,
1.8185185194,-19.997256619,,,
1.8203703165,-19.997256619,,,
1.8222222328,-19.997256619,,,
1.8240740299,-19.997256619,,,
1.8259259462,-19.997256619,,,
1.8277777433,-19.997256619,,,
1.8296296597,-19.997256619,,,
1.8314814568,-19.997256619,,,
1.8333333731,-19.997256619,,,
1.8351851702,-19.997256619,,,
1.8370370865,-19.997256619,,,
1.8388888836,-19.997256619,,,
1.8407407999,-19.997256619,,,
1.842592597,-19.997256619,,,
1.8444443941,-19.997256619,,,
1.8462963104,-19.997256619,,,
1.8481481075,-19.997256619,,,
1.8500000238,-19.997256619,,,
1.8518518209,-19.997256619,,,
1.8537037373,-19.997256619,,,
1.8555555344,-19.997256619,,,
1.8574074507,-19.997256619,,,
1.8592592478,-19.997256619,,,
1.8611111641,-19.997256619,,,
1.8629629612,-19.997256619,,,
1.8648147583,-19.997256619,,,
1.8666666746,-19.997256619,,,
1.8685184717,-19.997256619,,,
1.870370388,-19.997256619,,,
1.8722221851,-19.997256619,,,
1.8740741014,-19.997256619,,,
1.8759258986,-19.997256619,,,
1.8777778149,-19.997256619,,,
1.879629612,-19.997256619,,,
1.8814815283,-19.997256619,,,
1.8833333254,-19.997256619,,,
1.8851852417,-19.997256619,,,
1.8870370388,-19.997256619,,,
1.8888888359,-19.997256619,,,
1.8907407522,-19.997256619,,,
1.8925925493,-19.997256619,,,
1.8944444656,-19.997256619,,,
1.8962962627,-19.997256619,,,
1.8981481791,-19.997256619,,,
1.8999999762,-19.997256619,,,
1.9018518925,-19.997256619,,,
1.9037036896,-19.997256619,,,
1.9055556059,-19.997256619,,,
1.907407403,-19.997256619,,,
1.9092592001,-19.997256619,,,
1.9111111164,-19.997256619,,,
1.9129629135,-19.997256619,,,
1.9148148298,-19.997256619,,,
1.9166666269,-19.997256619,,,
1.9185185432,-19.997256619,,,
1.9203703403,-19.997256619,,,
1.9222222567,-19.997256619,,,
1.9240740538,-19.997256619,,,
1.9259259701,-19.997256619,,,
1.9277777672,-19.997256619,,,
1.9296296835,-19.997256619,,,
1.9314814806,-19.997256619,,,
1.9333332777,-19.997256619,,,
1.935185194,-19.997256619,,,
1.9370369911,-19.997256619,,,
1.9388889074,-19.997256619,,,
1.9407407045,-19.997256619,,,
1.9425926208,-19.997256619,,,
1.944444418,-19.997256619,,,
1.9462963343,-19.997256619,,,
1.9481481314,-19.997256619,,,
1.9500000477,-19.997256619,,,
1.9518518448,-19.997256619,,,
1.9537037611,-19.997256619,,,
1.9555555582,-19.997256619,,,
1.9574073553,-19.997256619,,,
1.9592592716,-19.997256619,,,
1.9611110687,-19.997256619,,,
1.962962985,-19.997256619,,,
1.9648147821,-19.997256619,,,
1.9666666985,-19.997256619,,,
1.9685184956,-19.997256619,,,
1.9703704119,-19.997256619,,,
1.972222209,-19.997256619,,,
1.9740741253,-19.997256619,,,
1.9759259224,-19.997256619,,,
1.9777777195,-19.997256619,,,
1.9796296358,-19.997256619,,,
1.9814814329,-19.997256619,,,
1.9833333492,-19.997256619,,,
1.9851851463,-19.997256619,,,
1.9870370626,-19.997256619,,,
1.9888888597,-19.997256619,,,
1.9907407761,-19.997256619,,,
1.9925925732,-19.997256619,,,
1.9944444895,-19.997256619,,,
1.9962962866,-19.997256619,,,
1.9981482029,-19.997256619,,,
2,-19.997256619,,,
2.0018517971,-19.997256619,,,
2.0037035942,-19.997256619,,,
2.0055556297,-19.997256619,,,
2.0074074268,-19.997256619,,,
2.0092592239,-19.997256619,,,
2.011111021,-19.997256619,,,
2.0129630566,-19.997256619,,,
2.0148148537,-19.997256619,,,
2.0166666508,-19.997256619,,,
2.0185184479,-19.997256619,,,
2.0203704834,-19.997256619,,,
2.0222222805,-19.997256619,,,
2.0240740776,-19.997256619,,,
2.0259258747,-19.997256619,,,
2.0277776718,-19.997256619,,,
2.0296297073,-19.997256619,,,
2.0314815044,-19.997256619,,,
2.0333333015,-19.997256619,,,
2.0351850986,-19.997256619,,,
2.0370371342,-19.997256619,,,
2.0388889313,-19.997256619,,,
2.0407407284,-19.997256619,,,
2.0425925255,-19.997256619,,,
2.044444561,-19.997256619,,,
2.0462963581,-19.997256619,,,
2.0481481552,-19.997256619,,,
2.0499999523,-19.997256619,,,
2.0518517494,-19.997256619,,,
2.0537037849,-19.997256619,,,
2.055555582,-19.997256619,,,
2.0574073792,-19.997256619,,,
2.0592591763,-19.997256619,,,
2.0611112118,-19.997256619,,,
2.0629630089,-19.997256619,,,
2.064814806,-19.997256619,,,
2.0666666031,-19.997256619,,,
2.0685184002,-19.997256619,,,
2.0703704357,-19.997256619,,,
2.0722222328,-19.997256619,,,
2.0740740299,-19.997256619,,,
2.075925827,-19.997256619,,,
2.0777778625,-19.997256619,,,
2.0796296597,-19.997256619,,,
2.0814814568,-19.997256619,,,
2.0833332539,-19.997256619,,,
2.0851852894,-19.997256619,,,
2.0870370865,-19.997256619,,,
2.0888888836,-19.997256619,,,
2.0907406807,-19.997256619,,,
2.0925924778,-19.997256619,,,
2.0944445133,-19.997256619,,,
2.0962963104,-19.997256619,,,
2.0981481075,-19.997256619,,,
2.0999999046,-19.997256619,,,
2.1018519402,-19.997256619,,,
2.1037037373,-19.997256619,,,
2.1055555344,-19.997256619,,,
2.1074073315,-19.997256619,,,
2.109259367,-19.997256619,,,
2.1111111641,-19.997256619,,,
2.1129629612,-19.997256619,,,
2.1148147583,-19.997256619,,,
2.1166665554,-19.997256619,,,
2.1185185909,-19.997256619,,,
2.120370388,-19.997256619,,,
2.1222221851,-19.997256619,,,
2.1240739822,-19.997256619,,,
2.1259260178,-19.997256619,,,
2.1277778149,-19.997256619,,,
2.129629612,-19.997256619,,,
2.1314814091,-19.997256619,,,
2.1333334446,-19.997256619,,,
2.1351852417,-19.997256619,,,
2.1370370388,-19.997256619,,,
2.1388888359,-19.997256619,,,
2.140740633,-19.997256619,,,
2.1425926685,-19.997256619,,,
2.1444444656,-19.997256619,,,
2.1462962627,-19.997256619,,,
2.1481480598,-19.997256619,,,
2.1500000954,-19.997256619,,,
2.1518518925,-19.997256619,,,
2.1537036896,-19.997256619,,,
2.1555554867,-19.997256619,,,
2.1574075222,-19.997256619,,,
2.1592593193,-19.997256619,,,
2.1611111164,-19.997256619,,,
2.1629629135,-19.997256619,,,
2.1648147106,-19.997256619,,,
2.1666667461,-19.997256619,,,
2.1685185432,-19.997256619,,,
2.1703703403,-19.997256619,,,
2.1722221375,-19.997256619,,,
2.174074173,-19.997256619,,,
2.1759259701,-19.997256619,,,
2.1777777672,-19.997256619,,,
2.1796295643,-19.997256619,,,
2.1814815998,-19.997256619,,,
2.1833333969,-19.997256619,,,
2.185185194,-19.997256619,,,
2.1870369911,-19.997256619,,,
2.1888887882,-19.997256619,,,
2.1907408237,-19.997256619,,,
2.1925926208,-19.997256619,,,
2.194444418,-19.997256619,,,
2.1962962151,-19.997256619,,,
2.1981482506,-19.997256619,,,
2.2000000477,-19.997256619,,,
2.2018518448,-19.997256619,,,
2.2037036419,-19.997256619,,,
2.205555439,-19.997256619,,,
2.2074074745,-19.997256619,,,
2.2092592716,-19.997256619,,,
2.2111110687,-19.997256619,,,
2.2129628658,-19.997256619,,,
2.2148149014,-19.997256619,,,
2.2166666985,-19.997256619,,,
2.2185184956,-19.997256619,,,
2.2203702927,-19.997256619,,,
2.2222223282,-19.997256619,,,
2.2240741253,-19.997256619,,,
2.2259259224,-19.997256619,,,
2.2277777195,-19.997256619,,,
2.2296295166,-19.997256619,,,
2.2314815521,-19.997256619,,,
2.2333333492,-19.997256619,,,
2.2351851463,-19.997256619,,,
2.2370369434,-19.997256619,,,
2.238888979,-19.997256619,,,
2.2407407761,-19.997256619,,,
2.2425925732,-19.997256619,,,
2.2444443703,-19.997256619,,,
2.2462964058,-19.997256619,,,
2.2481482029,-19.997256619,,,
2.25,-19.997256619,,,
2.2518517971,-19.997256619,,,
2.2537035942,-19.997256619,,,
2.2555556297,-19.997256619,,,
2.2574074268,-19.997256619,,,
2.2592592239,-19.997256619,,,
2.261111021,-19.997256619,,,
2.2629630566,-19.997256619,,,
2.2648148537,-19.997256619,,,
2.2666666508,-19.997256619,,,
2.2685184479,-19.997256619,,,
2.2703704834,-19.997256619,,,
2.2722222805,-19.997256619,,,
2.2740740776,-19.997256619,,,
2.2759258747,-19.997256619,,,
2.2777776718,-19.997256619,,,
2.2796297073,-19.997256619,,,
2.2814815044,-19.997256619,,,
2.2833333015,-19.997256619,,,
2.2851850986,-19.997256619,,,
2.2870371342,-19.997256619,,,
2.2888889313,-19.997256619,,,
2.2907407284,-19.997256619,,,
2.2925925255,-19.997256619,,,
2.294444561,-19.997256619,,,
2.2962963581,-19.997256619,,,
2.2981481552,-19.997256619,,,
2.2999999523,-19.997256619,,,
2.3018517494,-19.997256619,,,
2.3037037849,-19.997256619,,,
2.305555582,-19.997256619,,,
2.3074073792,-19.997256619,,,
2.3092591763,-19.997256619,,,
2.3111112118,-19.997256619,,,
2.3129630089,-19.997256619,,,
2.314814806,-19.997256619,,,
2.3166666031,-19.997256619,,,
2.3185184002,-19.997256619,,,
2.3203704357,-19.997256619,,,
2.3222222328,-19.997256619,,,
2.3240740299,-19.997256619,,,
2.325925827,-19.997256619,,,
2.3277778625,-19.997256619,,,
2.3296296597,-19.997256619,,,
2.3314814568,-19.997256619,,,
2.3333332539,-19.997256619,,,
2.3351852894,-19.997256619,,,
2.3370370865,-19.997256619,,,
2.3388888836,-19.997256619,,,
2.3407406807,-19.997256619,,,
2.3425924778,-19.997256619,,,
2.3444445133,-19.997256619,,,
2.3462963104,-19.997256619,,,
2.3481481075,-19.997256619,,,
2.3499999046,-19.997256619,,,
2.3518519402,-19.997256619,,,
2.3537037373,-19.997256619,,,
2.3555555344,-19.997256619,,,
2.3574073315,-19.997256619,,,
2.359259367,-19.997256619,,,
2.3611111641,-19.997256619,,,
2.3629629612,-19.997256619,,,
2.3648147583,-19.997256619,,,
2.3666665554,-19.997256619,,,
2.3685185909,-19.997256619,,,
2.370370388,-19.997256619,,,
2.3722221851,-19.997256619,,,
2.3740739822,-19.997256619,,,
2.3759260178,-19.997256619,,,
2.3777778149,-19.997256619,,,
2.379629612,-19.997256619,,,
2.3814814091,-19.997256619,,,
2.3833334446,-19.997256619,,,
2.3851852417,-19.997256619,,,
2.3870370388,-19.997256619,,,
2.3888888359,-19.997256619,,,
2.390740633,-19.997256619,,,
2.3925926685,-19.997256619,,,
2.3944444656,-19.997256619,,,
2.3962962627,-19.997256619,,,
2.3981480598,-19.997256619,,,
2.4000000954,-19.997256619,,,
2.4018518925,-19.997256619,,,
2.4037036896,-19.997256619,,,
2.4055554867,-19.997256619,,,
2.4074075222,-19.997256619,,,
2.4092593193,-19.997256619,,,
2.4111111164,-19.997256619,,,
2.4129629135,-19.997256619,,,
2.4148147106,-19.997256619,,,
2.4166667461,-19.997256619,,,
2.4185185432,-19.997256619,,,
2.4203703403,-19.997256619,,,
2.4222221375,-19.997256619,,,
2.424074173,-19.997256619,,,
2.4259259701,-19.997256619,,,
2.4277777672,-19.997256619,,,
2.4296295643,-19.997256619,,,
2.4314815998,-19.997256619,,,
2.4333333969,-19.997256619,,,
2.435185194,-19.997256619,,,
2.4370369911,-19.997256619,,,
2.4388887882,-19.997256619,,,
2.4407408237,-19.997256619,,,
2.4425926208,-19.997256619,,,
2.444444418,-19.997256619,,,
2.4462962151,-19.997256619,,,
2.4481482506,-19.997256619,,,
2.4500000477,-19.997256619,,,
2.4518518448,-19.997256619,,,
2.4537036419,-19.997256619,,,
2.455555439,-19.997256619,,,
2.4574074745,-19.997256619,,,
2.4592592716,-19.997256619,,,
2.4611110687,-19.997256619,,,
2.4629628658,-19.997256619,,,
2.4648149014,-19.997256619,,,
2.4666666985,-19.997256619,,,
2.4685184956,-19.997256619,,,
2.4703702927,-19.997256619,,,
2.4722223282,-19.997256619,,,
2.4740741253,-19.997256619,,,
2.4759259224,-19.997256619,,,
2.4777777195,-19.997256619,,,
2.4796295166,-19.997256619,,,
2.4814815521,-19.997256619,,,
2.4833333492,-19.997256619,,,
2.4851851463,-19.997256619,,,
2.4870369434,-19.997256619,,,
2.488888979,-19.997256619,,,
2.4907407761,-19.997256619,,,
2.4925925732,-19.997256619,,,
2.4944443703,-19.997256619,,,
2.4962964058,-19.997256619,,,
2.4981482029,-19.997256619,,,
2.5,-19.997256619,,,
2.5018517971,-19.997256619,,,
2.5037035942,-19.997256619,,,
2.5055556297,-19.997256619,,,
2.5074074268,-19.997256619,,,
2.5092592239,-19.997256619,,,
2.511111021,-19.997256619,,,
2.5129630566,-19.997256619,,,
2.5148148537,-19.997256619,,,
2.5166666508,-19.997256619,,,
2.5185184479,-19.997256619,,,
2.5203704834,-19.997256619,,,
2.5222222805,-19.997256619,,,
2.5240740776,-19.997256619,,,
2.5259258747,-19.997256619,,,
2.5277776718,-19.997256619,,,
2.5296297073,-19.997256619,,,
2.5314815044,-19.997256619,,,
2.5333333015,-19.997256619,,,
2.5351850986,-19.997256619,,,
2.5370371342,-19.997256619,,,
2.5388889313,-19.997256619,,,
2.5407407284,-19.997256619,,,
2.5425925255,-19.997256619,,,
2.544444561,-19.997256619,,,
2.5462963581,-19.997256619,,,
2.5481481552,-19.997256619,,,
2.5499999523,-19.997256619,,,
2.5518517494,-19.997256619,,,
2.5537037849,-19.997256619,,,
2.555555582,-19.997256619,,,
2.5574073792,-19.997256619,,,
2.5592591763,-19.997256619,,,
2.5611112118,-19.997256619,,,
2.5629630089,-19.997256619,,,
2.564814806,-19.997256619,,,
2.5666666031,-19.997256619,,,
2.5685184002,-19.997256619,,,
2.5703704357,-19.997256619,,,
2.5722222328,-19.997256619,,,
2.5740740299,-19.997256619,,,
2.575925827,-19.997256619,,,
2.5777778625,-19.997256619,,,
2.5796296597,-19.997256619,,,
2.5814814568,-19.997256619,,,
2.5833332539,-19.997256619,,,
2.5851852894,-19.997256619,,,
2.5870370865,-19.997256619,,,
2.5888888836,-19.997256619,,,
2.5907406807,-19.997256619,,,
2.5925924778,-19.997256619,,,
2.5944445133,-19.997256619,,,
2.5962963104,-19.997256619,,,
2.5981481075,-19.997256619,,,
2.5999999046,-19.997256619,,,
2.6018519402,-19.997256619,,,
2.6037037373,-19.997256619,,,
2.6055555344,-19.997256619,,,
2.6074073315,-19.997256619,,,
2.609259367,-19.997256619,,,
2.6111111641,-19.997256619,,,
2.6129629612,-19.997256619,,,
2.6148147583,-19.997256619,,,
2.6166665554,-19.997256619,,,
2.6185185909,-19.997256619,,,
2.620370388,-19.997256619,,,
2.6222221851,-19.997256619,,,
2.6240739822,-19.997256619,,,
2.6259260178,-19.997256619,,,
2.6277778149,-19.997256619,,,
2.629629612,-19.997256619,,,
2.6314814091,-19.997256619,,,
2.6333334446,-19.997256619,,,
2.6351852417,-19.997256619,,,
2.6370370388,-19.997256619,,,
2.6388888359,-19.997256619,,,
2.640740633,-19.997256619,,,
2.6425926685,-19.997256619,,,
2.6444444656,-19.997256619,,,
2.6462962627,-19.997256619,,,
2.6481480598,-19.997256619,,,
2.6500000954,-19.997256619,,,
2.6518518925,-19.997256619,,,
2.6537036896,-19.997256619,,,
2.6555554867,-19.997256619,,,
2.6574075222,-19.997256619,,,
2.6592593193,-19.997256619,,,
2.6611111164,-19.997256619,,,
2.6629629135,-19.997256619,,,
2.6648147106,-19.997256619,,,
2.6666667461,-19.997256619,,,
2.6685185432,-19.997256619,,,
2.6703703403,-19.997256619,,,
2.6722221375,-19.997256619,,,
2.674074173,-19.997256619,,,
2.6759259701,-19.997256619,,,
2.6777777672,-19.997256619,,,
2.6796295643,-19.997256619,,,
2.6814815998,-19.997256619,,,
2.6833333969,-19.997256619,,,
2.685185194,-19.997256619,,,
2.6870369911,-19.997256619,,,
2.6888887882,-19.997256619,,,
2.6907408237,-19.997256619,,,
2.6925926208,-19.997256619,,,
2.694444418,-19.997256619,,,
2.6962962151,-19.997256619,,,
2.6981482506,-19.997256619,,,
2.7000000477,-19.997256619,,,
2.7018518448,-19.997256619,,,
2.7037036419,-19.997256619,,,
2.705555439,-19.997256619,,,
2.7074074745,-19.997256619,,,
2.7092592716,-19.997256619,,,
2.7111110687,-19.997256619,,,
2.7129628658,-19.997256619,,,
2.7148149014,-19.997256619,,,
2.7166666985,-19.997256619,,,
2.7185184956,-19.997256619,,,
2.7203702927,-19.997256619,,,
2.7222223282,-19.997256619,,,
2.7240741253,-19.997256619,,,
2.7259259224,-19.997256619,,,
2.7277777195,-19.997256619,,,
2.7296295166,-19.997256619,,,
2.7314815521,-19.997256619,,,
2.7333333492,-19.997256619,,,
2.7351851463,-19.997256619,,,
2.7370369434,-19.997256619,,,
2.738888979,-19.997256619,,,
2.7407407761,-19.997256619,,,
2.7425925732,-19.997256619,,,
2.7444443703,-19.997256619,,,
2.7462964058,-19.997256619,,,
2.7481482029,-19.997256619,,,
2.75,-19.997256619,,,
2.7518517971,-19.997256619,,,
2.7537035942,-19.997256619,,,
2.7555556297,-19.997256619,,,
2.7574074268,-19.997256619,,,
2.7592592239,-19.997256619,,,
2.761111021,-19.997256619,,,
2.7629630566,-19.997256619,,,
2.7648148537,-19.997256619,,,
2.7666666508,-19.997256619,,,
2.7685184479,-19.997256619,,,
2.7703704834,-19.997256619,,,
2.7722222805,-19.997256619,,,
2.7740740776,-19.997256619,,,
2.7759258747,-19.997256619,,,
2.7777776718,-19.997256619,,,
2.7796297073,-19.997256619,,,
2.7814815044,-19.997256619,,,
2.7833333015,-19.997256619,,,
2.7851850986,-19.997256619,,,
2.7870371342,-19.997256619,,,
2.7888889313,-19.997256619,,,
2.7907407284,-19.997256619,,,
2.7925925255,-19.997256619,,,
2.794444561,-19.997256619,,,
2.7962963581,-19.997256619,,,
2.7981481552,-19.997256619,,,
2.7999999523,-19.997256619,,,
2.8018517494,-19.997256619,,,
2.8037037849,-19.997256619,,,
2.805555582,-19.997256619,,,
2.8074073792,-19.997256619,,,
2.8092591763,-19.997256619,,,
2.8111112118,-19.997256619,,,
2.8129630089,-19.997256619,,,
2.814814806,-19.997256619,,,
2.8166666031,-19.997256619,,,
2.8185184002,-19.997256619,,,
2.8203704357,-19.997256619,,,
2.8222222328,-19.997256619,,,
2.8240740299,-19.997256619,,,
2.825925827,-19.997256619,,,
2.8277778625,-19.997256619,,,
2.8296296597,-19.997256619,,,
2.8314814568,-19.997256619,,,
2.8333332539,-19.997256619,,,
2.8351852894,-19.997256619,,,
2.8370370865,-19.997256619,,,
2.8388888836,-19.997256619,,,
2.8407406807,-19.997256619,,,
2.8425924778,-19.997256619,,,
2.8444445133,-19.997256619,,,
2.8462963104,-19.997256619,,,
2.8481481075,-19.997256619,,,
2.8499999046,-19.997256619,,,
2.8518519402,-19.997256619,,,
2.8537037373,-19.997256619,,,
2.8555555344,-19.997256619,,,
2.8574073315,-19.997256619,,,
2.859259367,-19.997256619,,,
2.8611111641,-19.997256619,,,
2.8629629612,-19.997256619,,,
2.8648147583,-19.997256619,,,
2.8666665554,-19.997256619,,,
2.8685185909,-19.997256619,,,
2.870370388,-19.997256619,,,
2.8722221851,-19.997256619,,,
2.8740739822,-19.997256619,,,
2.8759260178,-19.997256619,,,
2.8777778149,-19.997256619,,,
2.879629612,-19.997256619,,,
2.8814814091,-19.997256619,,,
2.8833334446,-19.997256619,,,
2.8851852417,-19.997256619,,,
2.8870370388,-19.997256619,,,
2.8888888359,-19.997256619,,,
2.890740633,-19.997256619,,,
2.8925926685,-19.997256619,,,
2.8944444656,-19.997256619,,,
2.8962962627,-19.997256619,,,
2.8981480598,-19.997256619,,,
2.9000000954,-19.997256619,,,
2.9018518925,-19.997256619,,,
2.9037036896,-19.997256619,,,
2.9055554867,-19.997256619,,,
2.9074075222,-19.997256619,,,
2.9092593193,-19.997256619,,,
2.9111111164,-19.997256619,,,
2.9129629135,-19.997256619,,,
2.9148147106,-19.997256619,,,
2.9166667461,-19.997256619,,,
2.9185185432,-19.997256619,,,
2.9203703403,-19.997256619,,,
2.9222221375,-19.997256619,,,
2.924074173,-19.997256619,,,
2.9259259701,-19.997256619,,,
2.9277777672,-19.997256619,,,
2.9296295643,-19.997256619,,,
2.9314815998,-19.997256619,,,
2.9333333969,-19.997256619,,,
2.935185194,-19.997256619,,,
2.9370369911,-19.997256619,,,
2.9388887882,-19.997256619,,,
2.9407408237,-19.997256619,,,
2.9425926208,-19.997256619,,,
2.944444418,-19.997256619,,,
2.9462962151,-19.997256619,,,
2.9481482506,-19.997256619,,,
2.9500000477,-19.997256619,,,
2.9518518448,-19.997256619,,,
2.9537036419,-19.997256619,,,
2.955555439,-19.997256619,,,
2.9574074745,-19.997256619,,,
2.9592592716,-19.997256619,,,
2.9611110687,-19.997256619,,,
2.9629628658,-19.997256619,,,
2.9648149014,-19.997256619,,,
2.9666666985,-19.997256619,,,
2.9685184956,-19.997256619,,,
2.9703702927,-19.997256619,,,
2.9722223282,-19.997256619,,,
2.9740741253,-19.997256619,,,
2.9759259224,-19.997256619,,,
2.9777777195,-19.997256619,,,
2.9796295166,-19.997256619,,,
2.9814815521,-19.997256619,,,
2.9833333492,-19.997256619,,,
2.9851851463,-19.997256619,,,
2.9870369434,-19.997256619,,,
2.988888979,-19.997256619,,,
2.9907407761,-19.997256619,,,
2.9925925732,-19.997256619,,,
2.9944443703,-19.997256619,,,
2.9962964058,-19.997256619,,,
2.9981482029,-19.997256619,,,
3,-19.997256619,,,
3.0018517971,-19.997256619,,,
3.0037035942,-19.997256619,,,
3.0055556297,-19.997256619,,,
3.0074074268,-19.997256619,,,
3.0092592239,-19.997256619,,,
3.011111021,-19.997256619,,,
3.0129630566,-19.997256619,,,
3.0148148537,-19.997256619,,,
3.0166666508,-19.997256619,,,
3.0185184479,-19.997256619,,,
3.0203704834,-19.997256619,,,
3.0222222805,-19.997256619,,,
3.0240740776,-19.997256619,,,
3.0259258747,-19.997256619,,,
3.0277776718,-19.997256619,,,
3.0296297073,-19.997256619,,,
3.0314815044,-19.997256619,,,
3.0333333015,-19.997256619,,,
3.0351850986,-19.997256619,,,
3.0370371342,-19.997256619,,,
3.0388889313,-19.997256619,,,
3.0407407284,-19.997256619,,,
3.0425925255,-19.997256619,,,
3.044444561,-19.997256619,,,
3.0462963581,-19.997256619,,,
3.0481481552,-19.997256619,,,
3.0499999523,-19.997256619,,,
3.0518517494,-19.997256619,,,
3.0537037849,-19.997256619,,,
3.055555582,-19.997256619,,,
3.0574073792,-19.997256619,,,
3.0592591763,-19.997256619,,,
3.0611112118,-19.997256619,,,
3.0629630089,-19.997256619,,,
3.064814806,-19.997256619,,,
3.0666666031,-19.997256619,,,
3.0685184002,-19.997256619,,,
3.0703704357,-19.997256619,,,
3.0722222328,-19.997256619,,,
3.0740740299,-19.997256619,,,
3.075925827,-19.997256619,,,
3.0777778625,-19.997256619,,,
3.0796296597,-19.997256619,,,
3.0814814568,-19.997256619,,,
3.0833332539,-19.997256619,,,
3.0851852894,-19.997256619,,,
3.0870370865,-19.997256619,,,
3.0888888836,-19.997256619,,,
3.0907406807,-19.997256619,,,
3.0925924778,-19.997256619,,,
3.0944445133,-19.997256619,,,
3.0962963104,-19.997256619,,,
3.0981481075,-19.997256619,,,
3.0999999046,-19.997256619,,,
3.1018519402,-19.997256619,,,
3.1037037373,-19.997256619,,,
3.1055555344,-19.997256619,,,
3.1074073315,-19.997256619,,,
3.109259367,-19.997256619,,,
3.1111111641,-19.997256619,,,
3.1129629612,-19.997256619,,,
3.1148147583,-19.997256619,,,
3.1166665554,-19.997256619,,,
3.1185185909,-19.997256619,,,
3.120370388,-19.997256619,,,
3.1222221851,-19.997256619,,,
3.1240739822,-19.997256619,,,
3.1259260178,-19.997256619,,,
3.1277778149,-19.997256619,,,
3.129629612,-19.997256619,,,
3.1314814091,-19.997256619,,,
3.1333334446,-19.997256619,,,
3.1351852417,-19.997256619,,,
3.1370370388,-19.997256619,,,
3.1388888359,-19.997256619,,,
3.140740633,-19.997256619,,,
3.1425926685,-19.997256619,,,
3.1444444656,-19.997256619,,,
3.1462962627,-19.997256619,,,
3.1481480598,-19.997256619,,,
3.1500000954,-19.997256619,,,
3.1518518925,-19.997256619,,,
3.1537036896,-19.997256619,,,
3.1555554867,-19.997256619,,,
3.1574075222,-19.997256619,,,
3.1592593193,-19.997256619,,,
3.1611111164,-19.997256619,,,
3.1629629135,-19.997256619,,,
3.1648147106,-19.997256619,,,
3.1666667461,-19.997256619,,,
3.1685185432,-19.997256619,,,
3.1703703403,-19.997256619,,,
3.1722221375,-19.997256619,,,
3.174074173,-19.997256619,,,
3.1759259701,-19.997256619,,,
3.1777777672,-19.997256619,,,
3.1796295643,-19.997256619,,,
3.1814815998,-19.997256619,,,
3.1833333969,-19.997256619,,,
3.185185194,-19.997256619,,,
3.1870369911,-19.997256619,,,
3.1888887882,-19.997256619,,,
3.1907408237,-19.997256619,,,
3.1925926208,-19.997256619,,,
3.194444418,-19.997256619,,,
3.1962962151,-19.997256619,,,
3.1981482506,-19.997256619,,,
3.2000000477,-19.997256619,,,
3.2018518448,-19.997256619,,,
3.2037036419,-19.997256619,,,
3.205555439,-19.997256619,,,
3.2074074745,-19.997256619,,,
3.2092592716,-19.997256619,,,
3.2111110687,-19.997256619,,,
3.2129628658,-19.997256619,,,
3.2148149014,-19.997256619,,,
3.2166666985,-19.997256619,,,
3.2185184956,-19.997256619,,,
3.2203702927,-19.997256619,,,
3.2222223282,-19.997256619,,,
3.2240741253,-19.997256619,,,
3.2259259224,-19.997256619,,,
3.2277777195,-19.997256619,,,
3.2296295166,-19.997256619,,,
3.2314815521,-19.997256619,,,
3.2333333492,-19.997256619,,,
3.2351851463,-19.997256619,,,
3.2370369434,-19.997256619,,,
3.238888979,-19.997256619,,,
3.2407407761,-19.997256619,,,
3.2425925732,-19.997256619,,,
3.2444443703,-19.997256619,,,
3.2462964058,-19.997256619,,,
3.2481482029,-19.997256619,,,
3.25,-19.997256619,,,
3.2518517971,-19.997256619,,,
3.2537035942,-19.997256619,,,
3.2555556297,-19.997256619,,,
3.2574074268,-19.997256619,,,
3.2592592239,-19.997256619,,,
3.261111021,-19.997256619,,,
3.2629630566,-19.997256619,,,
3.2648148537,-19.997256619,,,
3.2666666508,-19.997256619,,,
3.2685184479,-19.997256619,,,
3.2703704834,-19.997256619,,,
3.2722222805,-19.997256619,,,
3.2740740776,-19.997256619,,,
3.2759258747,-19.997256619,,,
3.2777776718,-19.997256619,,,
3.2796297073,-19.997256619,,,
3.2814815044,-19.997256619,,,
3.2833333015,-19.997256619,,,
3.2851850986,-19.997256619,,,
3.2870371342,-19.997256619,,,
3.2888889313,-19.997256619,,,
3.2907407284,-19.997256619,,,
3.2925925255,-19.997256619,,,
3.294444561,-19.997256619,,,
3.2962963581,-19.997256619,,,
3.2981481552,-19.997256619,,,
3.2999999523,-19.997256619,,,
3.3018517494,-19.997256619,,,
3.3037037849,-19.997256619,,,
3.305555582,-19.997256619,,,
3.3074073792,-19.997256619,,,
3.3092591763,-19.997256619,,,
3.3111112118,-19.997256619,,,
3.3129630089,-19.997256619,,,
3.314814806,-19.997256619,,,
3.3166666031,-19.997256619,,,
3.3185184002,-19.997256619,,,
3.3203704357,-19.997256619,,,
3.3222222328,-19.997256619,,,
3.3240740299,-19.997256619,,,
3.325925827,-19.997256619,,,
3.3277778625,-19.997256619,,,
3.3296296597,-19.997256619,,,
3.3314814568,-19.997256619,,,
3.3333332539,-19.997256619,,,
3.3351852894,-19.997256619,,,
3.3370370865,-19.997256619,,,
3.3388888836,-19.997256619,,,
3.3407406807,-19.997256619,,,
3.3425924778,-19.997256619,,,
3.3444445133,-19.997256619,,,
3.3462963104,-19.997256619,,,
3.3481481075,-19.997256619,,,
3.3499999046,-19.997256619,,,
3.3518519402,-19.997256619,,,
3.3537037373,-19.997256619,,,
3.3555555344,-19.997256619,,,
3.3574073315,-19.997256619,,,
3.359259367,-19.997256619,,,
3.3611111641,-19.997256619,,,
3.3629629612,-19.997256619,,,
3.3648147583,-19.997256619,,,
3.3666665554,-19.997256619,,,
3.3685185909,-19.997256619,,,
3.370370388,-19.997256619,,,
3.3722221851,-19.997256619,,,
3.3740739822,-19.997256619,,,
3.3759260178,-19.997256619,,,
3.3777778149,-19.997256619,,,
3.379629612,-19.997256619,,,
3.3814814091,-19.997256619,,,
3.3833334446,-19.997256619,,,
3.3851852417,-19.997256619,,,
3.3870370388,-19.997256619,,,
3.3888888359,-19.997256619,,,
3.390740633,-19.997256619,,,
3.3925926685,-19.997256619,,,
3.3944444656,-19.997256619,,,
3.3962962627,-19.997256619,,,
3.3981480598,-19.997256619,,,
3.4000000954,-19.997256619,,,
3.4018518925,-19.997256619,,,
3.4037036896,-19.997256619,,,
3.4055554867,-19.997256619,,,
3.4074075222,-19.997256619,,,
3.4092593193,-19.997256619,,,
3.4111111164,-19.997256619,,,
3.4129629135,-19.997256619,,,
3.4148147106,-19.997256619,,,
3.4166667461,-19.997256619,,,
3.4185185432,-19.997256619,,,
3.4203703403,-19.997256619,,,
3.4222221375,-19.997256619,,,
3.424074173,-19.997256619,,,
3.4259259701,-19.997256619,,,
3.4277777672,-19.997256619,,,
3.4296295643,-19.997256619,,,
3.4314815998,-19.997256619,,,
3.4333333969,-19.997256619,,,
3.435185194,-19.997256619,,,
3.4370369911,-19.997256619,,,
3.4388887882,-19.997256619,,,
3.4407408237,-19.997256619,,,
3.4425926208,-19.997256619,,,
3.444444418,-19.997256619,,,
3.4462962151,-19.997256619,,,
3.4481482506,-19.997256619,,,
3.4500000477,-19.997256619,,,
3.4518518448,-19.997256619,,,
3.4537036419,-19.997256619,,,
3.455555439,-19.997256619,,,
3.4574074745,-19.997256619,,,
3.4592592716,-19.997256619,,,
3.4611110687,-19.997256619,,,
3.4629628658,-19.997256619,,,
3.4648149014,-19.997256619,,,
3.4666666985,-19.997256619,,,
3.4685184956,-19.997256619,,,
3.4703702927,-19.997256619,,,
3.4722223282,-19.997256619,,,
3.4740741253,-19.997256619,,,
3.4759259224,-19.997256619,,,
3.4777777195,-19.997256619,,,
3.4796295166,-19.997256619,,,
3.4814815521,-19.997256619,,,
3.4833333492,-19.997256619,,,
3.4851851463,-19.997256619,,,
3.4870369434,-19.997256619,,,
3.488888979,-19.997256619,,,
3.4907407761,-19.997256619,,,
3.4925925732,-19.997256619,,,
3.4944443703,-19.997256619,,,
3.4962964058,-19.997256619,,,
3.4981482029,-19.997256619,,,
3.5,-19.997256619,,,
3.5018517971,-19.997256619,,,
3.5037035942,-19.997256619,,,
3.5055556297,-19.997256619,,,
3.5074074268,-19.997256619,,,
3.5092592239,-19.997256619,,,
3.511111021,-19.997256619,,,
3.5129630566,-19.997256619,,,
3.5148148537,-19.997256619,,,
3.5166666508,-19.997256619,,,
3.5185184479,-19.997256619,,,
3.5203704834,-19.997256619,,,
3.5222222805,-19.997256619,,,
3.5240740776,-19.997256619,,,
3.5259258747,-19.997256619,,,
3.5277776718,-19.997256619,,,
3.5296297073,-19.997256619,,,
3.5314815044,-19.997256619,,,
3.5333333015,-19.997256619,,,
3.5351850986,-19.997256619,,,
3.5370371342,-19.997256619,,,
3.5388889313,-19.997256619,,,
3.5407407284,-19.997256619,,,
3.5425925255,-19.997256619,,,
3.544444561,-19.997256619,,,
3.5462963581,-19.997256619,,,
3.5481481552,-19.997256619,,,
3.5499999523,-19.997256619,,,
3.5518517494,-19.997256619,,,
3.5537037849,-19.997256619,,,
3.555555582,-19.997256619,,,
3.5574073792,-19.997256619,,,
3.5592591763,-19.997256619,,,
3.5611112118,-19.997256619,,,
3.5629630089,-19.997256619,,,
3.564814806,-19.997256619,,,
3.5666666031,-19.997256619,,,
3.5685184002,-19.997256619,,,
3.5703704357,-19.997256619,,,
3.5722222328,-19.997256619,,,
3.5740740299,-19.997256619,,,
3.575925827,-19.997256619,,,
3.5777778625,-19.997256619,,,
3.5796296597,-19.997256619,,,
3.5814814568,-19.997256619,,,
3.5833332539,-19.997256619,,,
3.5851852894,-19.997256619,,,
3.5870370865,-19.997256619,,,
3.5888888836,-19.997256619,,,
3.5907406807,-19.997256619,,,
3.5925924778,-19.997256619,,,
3.5944445133,-19.997256619,,,
3.5962963104,-19.997256619,,,
3.5981481075,-19.997256619,,,
3.5999999046,-19.997256619,,,
3.6018519402,-19.997256619,,,
3.6037037373,-19.997256619,,,
3.6055555344,-19.997256619,,,
3.6074073315,-19.997256619,,,
3.609259367,-19.997256619,,,
3.6111111641,-19.997256619,,,
3.6129629612,-19.997256619,,,
3.6148147583,-19.997256619,,,
3.6166665554,-19.997256619,,,
3.6185185909,-19.997256619,,,
3.620370388,-19.997256619,,,
3.6222221851,-19.997256619,,,
3.6240739822,-19.997256619,,,
3.6259260178,-19.997256619,,,
3.6277778149,-19.997256619,,,
3.629629612,-19.997256619,,,
3.6314814091,-19.997256619,,,
3.6333334446,-19.997256619,,,
3.6351852417,-19.997256619,,,
3.6370370388,-19.997256619,,,
3.6388888359,-19.997256619,,,
3.640740633,-19.997256619,,,
3.6425926685,-19.997256619,,,
3.6444444656,-19.997256619,,,
3.6462962627,-19.997256619,,,
3.6481480598,-19.997256619,,,
3.6500000954,-19.997256619,,,
3.6518518925,-19.997256619,,,
3.6537036896,-19.997256619,,,
3.6555554867,-19.997256619,,,
3.6574075222,-19.997256619,,,
3.6592593193,-19.997256619,,,
3.6611111164,-19.997256619,,,
3.6629629135,-19.997256619,,,
3.6648147106,-19.997256619,,,
3.6666667461,-19.997256619,,,
3.6685185432,-19.997256619,,,
3.6703703403,-19.997256619,,,
3.6722221375,-19.997256619,,,
3.674074173,-19.997256619,,,
3.6759259701,-19.997256619,,,
3.6777777672,-19.997256619,,,
3.6796295643,-19.997256619,,,
3.6814815998,-19.997256619,,,
3.6833333969,-19.997256619,,,
3.685185194,-19.997256619,,,
3.6870369911,-19.997256619,,,
3.6888887882,-19.997256619,,,
3.6907408237,-19.997256619,,,
3.6925926208,-19.997256619,,,
3.694444418,-19.997256619,,,
3.6962962151,-19.997256619,,,
3.6981482506,-19.997256619,,,
3.7000000477,-19.997256619,,,
3.7018518448,-19.997256619,,,
3.7037036419,-19.997256619,,,
3.705555439,-19.997256619,,,
3.7074074745,-19.997256619,,,
3.7092592716,-19.997256619,,,
3.7111110687,-19.997256619,,,
3.7129628658,-19.997256619,,,
3.7148149014,-19.997256619,,,
3.7166666985,-19.997256619,,,
3.7185184956,-19.997256619,,,
3.7203702927,-19.997256619,,,
3.7222223282,-19.997256619,,,
3.7240741253,-19.997256619,,,
3.7259259224,-19.997256619,,,
3.7277777195,-19.997256619,,,
3.7296295166,-19.997256619,,,
3.7314815521,-19.997256619,,,
3.7333333492,-19.997256619,,,
3.7351851463,-19.997256619,,,
3.7370369434,-19.997256619,,,
3.738888979,-19.997256619,,,
3.7407407761,-19.997256619,,,
3.7425925732,-19.997256619,,,
3.7444443703,-19.997256619,,,
3.7462964058,-19.997256619,,,
3.7481482029,-19.997256619,,,
3.75,-19.997256619,,,
3.7518517971,-19.997256619,,,
3.7537035942,-19.997256619,,,
3.7555556297,-19.997256619,,,
3.7574074268,-19.997256619,,,
3.7592592239,-19.997256619,,,
3.761111021,-19.997256619,,,
3.7629630566,-19.997256619,,,
3.7648148537,-19.997256619,,,
3.7666666508,-19.997256619,,,
3.7685184479,-19.997256619,,,
3.7703704834,-19.997256619,,,
3.7722222805,-19.997256619,,,
3.7740740776,-19.997256619,,,
3.7759258747,-19.997256619,,,
3.7777776718,-19.997256619,,,
3.7796297073,-19.997256619,,,
3.7814815044,-19.997256619,,,
3.7833333015,-19.997256619,,,
3.7851850986,-19.997256619,,,
3.7870371342,-19.997256619,,,
3.7888889313,-19.997256619,,,
3.7907407284,-19.997256619,,,
3.7925925255,-19.997256619,,,
3.794444561,-19.997256619,,,
3.7962963581,-19.997256619,,,
3.7981481552,-19.997256619,,,
3.7999999523,-19.997256619,,,
3.8018517494,-19.997256619,,,
3.8037037849,-19.997256619,,,
3.805555582,-19.997256619,,,
3.8074073792,-19.997256619,,,
3.8092591763,-19.997256619,,,
3.8111112118,-19.997256619,,,
3.8129630089,-19.997256619,,,
3.814814806,-19.997256619,,,
3.8166666031,-19.997256619,,,
3.8185184002,-19.997256619,,,
3.8203704357,-19.997256619,,,
3.8222222328,-19.997256619,,,
3.8240740299,-19.997256619,,,
3.825925827,-19.997256619,,,
3.8277778625,-19.997256619,,,
3.8296296597,-19.997256619,,,
3.8314814568,-19.997256619,,,
3.8333332539,-19.997256619,,,
3.8351852894,-19.997256619,,,
3.8370370865,-19.997256619,,,
3.8388888836,-19.997256619,,,
3.8407406807,-19.997256619,,,
3.8425924778,-19.997256619,,,
3.8444445133,-19.997256619,,,
3.8462963104,-19.997256619,,,
3.8481481075,-19.997256619,,,
3.8499999046,-19.997256619,,,
3.8518519402,-19.997256619,,,
3.8537037373,-19.997256619,,,
3.8555555344,-19.997256619,,,
3.8574073315,-19.997256619,,,
3.859259367,-19.997256619,,,
3.8611111641,-19.997256619,,,
3.8629629612,-19.997256619,,,
3.8648147583,-19.997256619,,,
3.8666665554,-19.997256619,,,
3.8685185909,-19.997256619,,,
3.870370388,-19.997256619,,,
3.8722221851,-19.997256619,,,
3.8740739822,-19.997256619,,,
3.8759260178,-19.997256619,,,
3.8777778149,-19.997256619,,,
3.879629612,-19.997256619,,,
3.8814814091,-19.997256619,,,
3.8833334446,-19.997256619,,,
3.8851852417,-19.997256619,,,
3.8870370388,-19.997256619,,,
3.8888888359,-19.997256619,,,
3.890740633,-19.997256619,,,
3.8925926685,-19.997256619,,,
3.8944444656,-19.997256619,,,
3.8962962627,-19.997256619,,,
3.8981480598,-19.997256619,,,
3.9000000954,-19.997256619,,,
3.9018518925,-19.997256619,,,
3.9037036896,-19.997256619,,,
3.9055554867,-19.997256619,,,
3.9074075222,-19.997256619,,,
3.9092593193,-19.997256619,,,
3.9111111164,-19.997256619,,,
3.9129629135,-19.997256619,,,
3.9148147106,-19.997256619,,,
3.9166667461,-19.997256619,,,
3.9185185432,-19.997256619,,,
3.9203703403,-19.997256619,,,
3.9222221375,-19.997256619,,,
3.924074173,-19.997256619,,,
3.9259259701,-19.997256619,,,
3.9277777672,-19.997256619,,,
3.9296295643,-19.997256619,,,
3.9314815998,-19.997256619,,,
3.9333333969,-19.997256619,,,
3.935185194,-19.997256619,,,
3.9370369911,-19.997256619,,,
3.9388887882,-19.997256619,,,
3.9407408237,-19.997256619,,,
3.9425926208,-19.997256619,,,
3.944444418,-19.997256619,,,
3.9462962151,-19.997256619,,,
3.9481482506,-19.997256619,,,
3.9500000477,-19.997256619,,,
3.9518518448,-19.997256619,,,
3.9537036419,-19.997256619,,,
3.955555439,-19.997256619,,,
3.9574074745,-19.997256619,,,
3.9592592716,-19.997256619,,,
3.9611110687,-19.997256619,,,
3.9629628658,-19.997256619,,,
3.9648149014,-19.997256619,,,
3.9666666985,-19.997256619,,,
3.9685184956,-19.997256619,,,
3.9703702927,-19.997256619,,,
3.9722223282,-19.997256619,,,
3.9740741253,-19.997256619,,,
3.9759259224,-19.997256619,,,
3.9777777195,-19.997256619,,,
3.9796295166,-19.997256619,,,
3.9814815521,-19.997256619,,,
3.9833333492,-19.997256619,,,
3.9851851463,-19.997256619,,,
3.9870369434,-19.997256619,,,
3.988888979,-19.997256619,,,
3.9907407761,-19.997256619,,,
3.9925925732,-19.997256619,,,
3.9944443703,-19.997256619,,,
3.9962964058,-19.997256619,,,
3.9981482029,-19.997256619,,,
4,-19.9972566186,,,
4.0018520355,-19.9972566185,,,
4.0037035942,-19.9972566185,,,
4.0055556297,-19.9972566184,,,
4.0074071884,-19.9972566184,,,
4.0092592239,-19.9972566183,,,
4.0111112595,-19.9972566182,,,
4.0129628181,-19.9972566182,,,
4.0148148537,-19.9972566181,,,
4.0166668892,-19.997256618,,,
4.0185184479,-19.9972566179,,,
4.0203704834,-19.9972566178,,,
4.0222220421,-19.9972566177,,,
4.0240740776,-19.9972566176,,,
4.0259261131,-19.9972566174,,,
4.0277776718,-19.9972566173,,,
4.0296297073,-19.9972566171,,,
4.031481266,-19.9972566169,,,
4.0333333015,-19.9972566167,,,
4.0351853371,-19.9972566165,,,
4.0370368958,-19.9972566163,,,
4.0388889313,-19.997256616,,,
4.0407409668,-19.9972566157,,,
4.0425925255,-19.9972566154,,,
4.044444561,-19.9972566151,,,
4.0462961197,-19.9972566147,,,
4.0481481552,-19.9972566144,,,
4.0500001907,-19.9972566139,,,
4.0518517494,-19.9972566135,,,
4.0537037849,-19.997256613,,,
4.0555553436,-19.9972566124,,,
4.0574073792,-19.9972566118,,,
4.0592594147,-19.9972566111,,,
4.0611109734,-19.9972566104,,,
4.0629630089,-19.9972566096,,,
4.0648150444,-19.9972566088,,,
4.0666666031,-19.9972566079,,,
4.0685186386,-19.9972566069,,,
4.0703701973,-19.9972566058,,,
4.0722222328,-19.9972566046,,,
4.0740742683,-19.9972566033,,,
4.075925827,-19.9972566019,,,
4.0777778625,-19.9972566003,,,
4.0796294212,-19.9972565987,,,
4.0814814568,-19.9972565969,,,
4.0833334923,-19.9972565949,,,
4.085185051,-19.9972565928,,,
4.0870370865,-19.9972565905,,,
4.088889122,-19.997256588,,,
4.0907406807,-19.9972565852,,,
4.0925927162,-19.9972565823,,,
4.0944442749,-19.997256579,,,
4.0962963104,-19.9972565755,,,
4.0981483459,-19.9972565718,,,
4.0999999046,-19.9972565676,,,
4.1018519402,-19.9972565632,,,
4.1037034988,-19.9972565584,,,
4.1055555344,-19.9972565531,,,
4.1074075699,-19.9972565474,,,
4.1092591286,-19.9972565413,,,
4.1111111641,-19.9972565346,,,
4.1129631996,-19.9972565273,,,
4.1148147583,-19.9972565195,,,
4.1166667938,-19.997256511,,,
4.1185183525,-19.9972565018,,,
4.120370388,-19.9972564919,,,
4.1222224236,-19.9972564811,,,
4.1240739822,-19.9972564694,,,
4.1259260178,-19.9972564568,,,
4.1277775764,-19.9972564431,,,
4.129629612,-19.9972564284,,,
4.1314816475,-19.9972564124,,,
4.1333332062,-19.9972563951,,,
4.1351852417,-19.9972563764,,,
4.1370368004,-19.9972563562,,,
4.1388888359,-19.9972563344,,,
4.1407408714,-19.9972563108,,,
4.1425924301,-19.9972562853,,,
4.1444444656,-19.9972562577,,,
4.1462965012,-19.997256228,,,
4.1481480598,-19.9972561959,,,
4.1500000954,-19.9972561612,,,
4.1518516541,-19.9972561237,,,
4.1537036896,-19.9972560833,,,
4.1555557251,-19.9972560397,,,
4.1574072838,-19.9972559926,,,
4.1592593193,-19.9972559419,,,
4.161110878,-19.9972558871,,,
4.1629629135,-19.9972558281,,,
4.164814949,-19.9972557644,,,
4.1666665077,-19.9972556958,,,
4.1685185432,-19.9972556218,,,
4.1703705788,-19.9972555421,,,
4.1722221375,-19.9972554562,,,
4.174074173,-19.9972553637,,,
4.1759257317,-19.997255264,,,
4.1777777672,-19.9972551567,,,
4.1796298027,-19.9972550412,,,
4.1814813614,-19.9972549168,,,
4.1833333969,-19.9972547829,,,
4.1851849556,-19.9972546389,,,
4.1870369911,-19.9972544839,,,
4.1888890266,-19.9972543172,,,
4.1907405853,-19.9972541378,,,
4.1925926208,-19.997253945,,,
4.1944446564,-19.9972537377,,,
4.1962962151,-19.9972535148,,,
4.1981482506,-19.9972532753,,,
4.1999998093,-19.9972530179,,,
4.2018518448,-19.9972527413,,,
4.2037038803,-19.9972524443,,,
4.205555439,-19.9972521252,,,
4.2074074745,-19.9972517826,,,
4.2092590332,-19.9972514148,,,
4.2111110687,-19.9972510199,,,
4.2129631042,-19.9972505961,,,
4.2148146629,-19.9972501414,,,
4.2166666985,-19.9972496535,,,
4.218518734,-19.9972491302,,,
4.2203702927,-19.9972485689,,,
4.2222223282,-19.997247967,,,
4.2240738869,-19.9972473217,,,
4.2259259224,-19.9972466301,,,
4.2277779579,-19.9972458888,,,
4.2296295166,-19.9972450944,,,
4.2314815521,-19.9972442434,,,
4.2333331108,-19.9972433318,,,
4.2351851463,-19.9972423555,,,
4.2370371819,-19.9972413101,,,
4.2388887405,-19.9972401909,,,
4.2407407761,-19.9972389929,,,
4.2425928116,-19.9972377108,,,
4.2444443703,-19.9972363389,,,
4.2462964058,-19.9972348712,,,
4.2481479645,-19.9972333012,,,
4.25,-19.9972316222,,,
4.2518520355,-19.997229827,,,
4.2537035942,-19.9972279077,,,
4.2555556297,-19.9972258561,,,
4.2574071884,-19.9972236637,,,
4.2592592239,-19.9972213211,,,
4.2611112595,-19.9972188183,,,
4.2629628181,-19.9972161451,,,
4.2648148537,-19.9972132903,,,
4.2666668892,-19.9972102421,,,
4.2685184479,-19.9972069879,,,
4.2703704834,-19.9972035145,,,
4.2722220421,-19.9971998078,,,
4.2740740776,-19.9971958527,,,
4.2759261131,-19.9971916334,,,
4.2777776718,-19.9971871331,,,
4.2796297073,-19.997182334,,,
4.281481266,-19.9971772169,,,
4.2833333015,-19.9971717619,,,
4.2851853371,-19.9971659477,,,
4.2870368958,-19.9971597517,,,
4.2888889313,-19.9971531501,,,
4.2907409668,-19.9971461176,,,
4.2925925255,-19.9971386272,,,
4.294444561,-19.9971306507,,,
4.2962961197,-19.997122158,,,
4.2981481552,-19.9971131174,,,
4.3000001907,-19.9971034952,,,
4.3018517494,-19.997093256,,,
4.3037037849,-19.9970823617,,,
4.3055553436,-19.9970707729,,,
4.3074073792,-19.9970584473,,,
4.3092594147,-19.9970453405,,,
4.3111109734,-19.9970314054,,,
4.3129630089,-19.9970165927,,,
4.3148150444,-19.9970008492,,,
4.3166666031,-19.9969841199,,,
4.3185186386,-19.9969663462,,,
4.3203701973,-19.9969474662,,,
4.3222222328,-19.9969274146,,,
4.3240742683,-19.9969061229,,,
4.325925827,-19.9968835178,,,
4.3277778625,-19.9968595229,,,
4.3296294212,-19.9968340572,,,
4.3314814568,-19.9968070356,,,
4.3333334923,-19.996778368,,,
4.335185051,-19.9967479597,,,
4.3370370865,-19.9967157112,,,
4.338889122,-19.9966815162,,,
4.3407406807,-19.9966452644,,,
4.3425927162,-19.9966068388,,,
4.3444442749,-19.9965661165,,,
4.3462963104,-19.9965229679,,,
4.3481483459,-19.9964772574,,,
4.3499999046,-19.99642884,,,
4.3518519402,-19.9963775654,,,
4.3537034988,-19.9963232748,,,
4.3555555344,-19.9962658012,,,
4.3574075699,-19.9962049687,,,
4.3592591286,-19.9961405939,,,
4.3611111641,-19.9960724803,,,
4.3629631996,-19.9960004251,,,
4.3648147583,-19.9959242137,,,
4.3666667938,-19.9958436211,,,
4.3685183525,-19.9957584105,,,
4.370370388,-19.9956683353,,,
4.3722224236,-19.9955731316,,,
4.3740739822,-19.9954725272,,,
4.3759260178,-19.995366235,,,
4.3777775764,-19.9952539535,,,
4.379629612,-19.9951353667,,,
4.3814816475,-19.9950101451,,,
4.3833332062,-19.9948779372,,,
4.3851852417,-19.9947383805,,,
4.3870368004,-19.9945910931,,,
4.3888888359,-19.9944356749,,,
4.3907408714,-19.9942717066,,,
4.3925924301,-19.994098752,,,
4.3944444656,-19.9939163457,,,
4.3962965012,-19.9937240089,,,
4.3981480598,-19.9935212376,,,
4.4000000954,-19.9933075046,,,
4.4018516541,-19.9930822579,,,
4.4037036896,-19.9928449242,,,
4.4055557251,-19.9925948921,,,
4.4074072838,-19.992331534,,,
4.4092593193,-19.99205419,,,
4.411110878,-19.9917621703,,,
4.4129629135,-19.9914547541,,,
4.414814949,-19.9911311935,,,
4.4166665077,-19.9907906916,,,
4.4185185432,-19.9904324321,,,
4.4203705788,-19.9900555572,,,
4.4222221375,-19.9896591717,,,
4.424074173,-19.9892423414,,,
4.4259257317,-19.9888040913,,,
4.4277777672,-19.9883434122,,,
4.4296298027,-19.9878592286,,,
4.4314813614,-19.9873504419,,,
4.4333333969,-19.9868158993,,,
4.4351849556,-19.9862543992,,,
4.4370369911,-19.9856646895,,,
4.4388890266,-19.9850454761,,,
4.4407405853,-19.9843953805,,,
4.4425926208,-19.9837129976,,,
4.4444446564,-19.9829968546,,,
4.4462962151,-19.9822454185,,,
4.4481482506,-19.9814570939,,,
4.4499998093,-19.9806302346,,,
4.4518518448,-19.9797630876,,,
4.4537038803,-19.9788538703,,,
4.455555439,-19.9779007162,,,
4.4574074745,-19.9769016849,,,
4.4592590332,-19.9758547598,,,
4.4611110687,-19.9747578639,,,
4.4629631042,-19.9736087857,,,
4.4648146629,-19.9724052823,,,
4.4666666985,-19.9711450069,,,
4.468518734,-19.9698255237,,,
4.4703702927,-19.9684443046,,,
4.4722223282,-19.9669987506,,,
4.4740738869,-19.965486094,,,
4.4759259224,-19.963903536,,,
4.4777779579,-19.9622481508,,,
4.4796295166,-19.9605169055,,,
4.4814815521,-19.9587066569,,,
4.4833331108,-19.9568141797,,,
4.4851851463,-19.9548360396,,,
4.4870371819,-19.9527687725,,,
4.4888887405,-19.9506087614,,,
4.4907407761,-19.9483522619,,,
4.4925928116,-19.9459953991,,,
4.4944443703,-19.9435342043,,,
4.4962964058,-19.9409644512,,,
4.4981479645,-19.93828189,,,
4.5,-19.9354820867,,,
4.5018520355,-19.932560458,,,
4.5037035942,-19.9295122678,,,
4.5055556297,-19.926332623,,,
4.5074071884,-19.9230164695,,,
4.5092592239,-19.9195585884,,,
4.5111112595,-19.9159535916,,,
4.5129628181,-19.912196042,,,
4.5148148537,-19.9082799596,,,
4.5166668892,-19.9041995435,,,
4.5185184479,-19.8999486885,,,
4.5203704834,-19.8955211002,,,
4.5222220421,-19.8909102896,,,
4.5240740776,-19.8861095699,,,
4.5259261131,-19.8811120514,,,
4.5277776718,-19.8759106377,,,
4.5296297073,-19.8704980211,,,
4.531481266,-19.8648666783,,,
4.5333333015,-19.8590088663,,,
4.5351853371,-19.8529168171,,,
4.5370368958,-19.8465819437,,,
4.5388889313,-19.839996009,,,
4.5407409668,-19.833150347,,,
4.5425925255,-19.8260360502,,,
4.544444561,-19.8186439651,,,
4.5462961197,-19.8109646884,,,
4.5481481552,-19.8029885624,,,
4.5500001907,-19.7947056711,,,
4.5518517494,-19.786105836,,,
4.5537037849,-19.7771786119,,,
4.5555553436,-19.767913283,,,
4.5574073792,-19.7582991739,,,
4.5592594147,-19.7483243983,,,
4.5611109734,-19.7379777088,,,
4.5629630089,-19.7272472686,,,
4.5648150444,-19.7161209516,,,
4.5666666031,-19.7045863389,,,
4.5685186386,-19.6926307151,,,
4.5703701973,-19.6802410652,,,
4.5722222328,-19.6674040715,,,
4.5740742683,-19.6541061106,,,
4.575925827,-19.6403332507,,,
4.5777778625,-19.6260712485,,,
4.5796294212,-19.6113060306,,,
4.5814814568,-19.596021773,,,
4.5833334923,-19.580203753,,,
4.585185051,-19.563836458,,,
4.5870370865,-19.5469040544,,,
4.588889122,-19.5293903846,,,
4.5907406807,-19.5112789664,,,
4.5925927162,-19.4925529912,,,
4.5944442749,-19.4731953236,,,
4.5962963104,-19.4531885005,,,
4.5981483459,-19.4325147309,,,
4.5999999046,-19.4111558956,,,
4.6018519402,-19.3890935466,,,
4.6037034988,-19.366309657,,,
4.6055555344,-19.3427836589,,,
4.6074075699,-19.3184968473,,,
4.6092591286,-19.2934294721,,,
4.6111111641,-19.2675614606,,,
4.6129631996,-19.2408724201,,,
4.6148147583,-19.2133416402,,,
4.6166667938,-19.1849480958,,,
4.6185183525,-19.15567045,,,
4.620370388,-19.125487058,,,
4.6222224236,-19.0943759711,,,
4.6240739822,-19.0623149411,,,
4.6259260178,-19.029282502,,,
4.6277775764,-18.9952536993,,,
4.629629612,-18.9602064624,,,
4.6314816475,-18.9241173975,,,
4.6333332062,-18.8869628398,,,
4.6351852417,-18.8487188607,,,
4.6370368004,-18.8093612751,,,
4.6388888359,-18.7688656497,,,
4.6407408714,-18.7272073115,,,
4.6425924301,-18.6843613566,,,
4.6444444656,-18.64030266,,,
4.6462965012,-18.5950058857,,,
4.6481480598,-18.5484470161,,,
4.6500000954,-18.5005973261,,,
4.6518516541,-18.451432395,,,
4.6537036896,-18.4009261508,,,
4.6555557251,-18.349052371,,,
4.6574072838,-18.2957846938,,,
4.6592593193,-18.2410966312,,,
4.661110878,-18.1849615842,,,
4.6629629135,-18.1273528572,,,
4.664814949,-18.0682436738,,,
4.6666665077,-18.0076071926,,,
4.6685185432,-17.9454165242,,,
4.6703705788,-17.8816447448,,,
4.6722221375,-17.8162670578,,,
4.674074173,-17.749252324,,,
4.6759257317,-17.6805757169,,,
4.6777777672,-17.610210376,,,
4.6796298027,-17.5381295039,,,
4.6814813614,-17.4643063875,,,
4.6833333969,-17.3887144192,,,
4.6851849556,-17.3113271181,,,
4.6870369911,-17.2321181527,,,
4.6888890266,-17.1510613634,,,
4.6907405853,-17.0681307858,,,
4.6925926208,-16.9833006745,,,
4.6944446564,-16.8965483461,,,
4.6962962151,-16.8078429925,,,
4.6981482506,-16.7171624293,,,
4.6999998093,-16.6244820351,,,
4.7018518448,-16.5297775336,,,
4.7037038803,-16.4330250207,,,
4.705555439,-16.3342009911,,,
4.7074074745,-16.2332823659,,,
4.7092590332,-16.1302465207,,,
4.7111110687,-16.0250713137,,,
4.7129631042,-15.9177351142,,,
4.7148146629,-15.8082168318,,,
4.7166666985,-15.6964995705,,,
4.718518734,-15.5825562295,,,
4.7203702927,-15.4663710693,,,
4.7222223282,-15.3479254554,,,
4.7240738869,-15.2272014421,,,
4.7259259224,-15.1041818036,,,
4.7277779579,-14.9788500639,,,
4.7296295166,-14.8511905285,,,
4.7314815521,-14.7211883145,,,
4.7333331108,-14.5888293818,,,
4.7351851463,-14.4541005647,,,
4.7370371819,-14.3169896021,,,
4.7388887405,-14.1774896976,,,
4.7407407761,-14.0355815062,,,
4.7425928116,-13.8912601349,,,
4.7444443703,-13.744517245,,,
4.7462964058,-13.595345565,,,
4.7481479645,-13.4437389138,,,
4.75,-13.2896922302,,,
4.7518520355,-13.1332016036,,,
4.7537035942,-12.9742643036,,,
4.7555556297,-12.8128788092,,,
4.7574071884,-12.6490448381,,,
4.7592592239,-12.4827633754,,,
4.7611112595,-12.3140366923,,,
4.7629628181,-12.1428739589,,,
4.7648148537,-11.9692691025,,,
4.7666668892,-11.7932339237,,,
4.7685184479,-11.614776157,,,
4.7703704834,-11.4339049652,,,
4.7722220421,-11.2506309645,,,
4.7740740776,-11.0649662482,,,
4.7759261131,-10.8769244103,,,
4.7777776718,-10.6865205675,,,
4.7796297073,-10.4937713811,,,
4.781481266,-10.2986950776,,,
4.7833333015,-10.1013114684,,,
4.7851853371,-9.9016484207,,,
4.7870368958,-9.6997161398,,,
4.7888889313,-9.4955456796,,,
4.7907409668,-9.2891633693,,,
4.7925925255,-9.0805972065,,,
4.794444561,-8.8698768708,,,
4.7962961197,-8.6570337362,,,
4.7981481552,-8.4421008815,,,
4.8000001907,-8.2251131006,,,
4.8018517494,-8.0061069108,,,
4.8037037849,-7.7851205595,,,
4.8055553436,-7.5621940303,,,
4.8074073792,-7.3373763008,,,
4.8092594147,-7.11069639,,,
4.8111109734,-6.8822067031,,,
4.8129630089,-6.6519541968,,,
4.8148150444,-6.419987571,,,
4.8166666031,-6.1863572654,,,
4.8185186386,-5.9511154554,,,
4.8203701973,-5.7143160453,,,
4.8222222328,-5.476014661,,,
4.8240742683,-5.2362686402,,,
4.825925827,-4.9951370212,,,
4.8277778625,-4.7526805307,,,
4.8296294212,-4.5089694323,,,
4.8314814568,-4.264052081,,,
4.8333334923,-4.0180020249,,,
4.835185051,-3.7708865683,,,
4.8370370865,-3.5227746282,,,
4.838889122,-3.2737366977,,,
4.8407406807,-3.0238448216,,,
4.8425927162,-2.7731725699,,,
4.8444442749,-2.5217950097,,,
4.8462963104,-2.2697886758,,,
4.8481483459,-2.0172315391,,,
4.8499999046,-1.764202973,,,
4.8518519402,-1.5107837057,,,
4.8537034988,-1.2570640078,,,
4.8555555344,-1.0031108981,,,
4.8574075699,-0.7490171581,,,
4.8592591286,-0.4948686201,,,
4.8611111641,-0.2407522855,,,
4.8629631996,0.0132437198,,,
4.8648147583,0.2670301919,,,
4.8666667938,0.5205168959,,,
4.8685183525,0.7736126159,,,
4.870370388,1.026225205,,,
4.8722224236,1.2782616378,,,
4.8740739822,1.529628064,,,
4.8759260178,1.7802218242,,,
4.8777775764,2.0299636898,,,
4.879629612,2.2787496047,,,
4.8814816475,2.5264829796,,,
4.8833332062,2.773066687,,,
4.8851852417,3.0184031222,,,
4.8870368004,3.2623942657,,,
4.8888888359,3.5049417459,,,
4.8907408714,3.7459469035,,,
4.8925924301,3.9853108563,,,
4.8944444656,4.222934565,,,
4.8962965012,4.4587189005,,,
4.8981480598,4.6925572166,,,
4.9000000954,4.9243654736,,,
4.9018516541,5.1540370957,,,
4.9037036896,5.3814732858,,,
4.9055557251,5.6065754872,,,
4.9074072838,5.8292454664,,,
4.9092593193,6.0493853837,,,
4.911110878,6.2668978639,,,
4.9129629135,6.4816860674,,,
4.914814949,6.6936537613,,,
4.9166665077,6.9027053907,,,
4.9185185432,7.1087461499,,,
4.9203705788,7.3116820643,,,
4.9222221375,7.511413642,,,
4.924074173,7.7078616212,,,
4.9259257317,7.900928422,,,
4.9277777672,8.0905240474,,,
4.9296298027,8.2765596725,,,
4.9314813614,8.4589477139,,,
4.9333333969,8.6376018977,,,
4.9351849556,8.8124373277,,,
4.9370369911,8.9833705525,,,
4.9388890266,9.1503196311,,,
4.9407405853,9.3132041991,,,
4.9425926208,9.4719455323,,,
4.9444446564,9.6264617145,,,
4.9462962151,9.7766874228,,,
4.9481482506,9.922544197,,,
4.9499998093,10.0639604967,,,
4.9518518448,10.2008667264,,,
4.9537038803,10.3331952931,,,
4.955555439,10.4608806615,,,
4.9574074745,10.5838594081,,,
4.9592590332,10.7020702738,,,
4.9611110687,10.8154542145,,,
4.9629631042,10.9239544507,,,
4.9648146629,11.0275165144,,,
4.9666666985,11.1260852084,,,
4.968518734,11.2196171583,,,
4.9703702927,11.3080618494,,,
4.9722223282,11.3913744969,,,
4.9740738869,11.4695128363,,,
4.9759259224,11.5424371593,,,
4.9777779579,11.610110347,,,
4.9796295166,11.6724979017,,,
4.9814815521,11.7295679762,,,
4.9833331108,11.7812914009,,,
4.9851851463,11.8276417083,,,
4.9870371819,11.868595156,,,
4.9888887405,11.9041296907,,,
4.9907407761,11.9342293675,,,
4.9925928116,11.9588774969,,,
4.9944443703,11.9780614173,,,
4.9962964058,11.9917712681,,,
4.9981479645,12,,,
